Cell Code,T_C,T_K,Conductivity,Filename,1000/T
GE01,60,333.15,9.718173228980811e-05,BL-LL-GE01_60C_Blocking_Ionic_Conductivity_01_OCV_C01.mpt,3.0016509079994
GE01,60,333.15,2.6898325807854234e-08,BL-LL-GE01_60C_Blocking_Ionic_Conductivity_02_PEIS_C01.mpt,3.0016509079994
GE01,40,313.15,9.718173228980811e-05,BL-LL-GE01_40C_Blocking_Ionic_Conductivity_01_OCV_C01.mpt,3.193357815743254
GE01,40,313.15,1.969153589461558e-08,BL-LL-GE01_40C_Blocking_Ionic_Conductivity_02_PEIS_C01.mpt,3.193357815743254
GE01,20,293.15,9.276438082208953e-05,BL-LL-GE01_20C_Blocking_Ionic_Conductivity_01_OCV_C04.mpt,3.4112229234180456
GE01,20,293.15,1.514755653958095e-08,BL-LL-GE01_20C_Blocking_Ionic_Conductivity_02_PEIS_C04.mpt,3.4112229234180456
GE01,10,283.15,9.718173228980811e-05,BL-LL-GE01_10C_Blocking_Ionic_Conductivity_01_OCV_C01.mpt,3.531696980399082
GE01,10,283.15,1.2785203523993218e-08,BL-LL-GE01_10C_Blocking_Ionic_Conductivity_02_PEIS_C01.mpt,3.531696980399082
GE01,0,273.15,9.718173228980811e-05,BL-LL-GE01_0C_Blocking_Ionic_Conductivity_01_OCV_C01.mpt,3.660992128866923
GE01,0,273.15,1.2369891107222667e-08,BL-LL-GE01_0C_Blocking_Ionic_Conductivity_02_PEIS_C01.mpt,3.660992128866923
GE01,-10,263.15,9.718173228980811e-05,BL-LL-GE01_-10C_Blocking_Ionic_Conductivity_01_OCV_C01.mpt,3.800114003420103
GE01,-10,263.15,1.0475408648954485e-08,BL-LL-GE01_-10C_Blocking_Ionic_Conductivity_02_PEIS_C01.mpt,3.800114003420103
GE01,-20,253.14999999999998,9.718173228980811e-05,BL-LL-GE01_-20C_Blocking_Ionic_Conductivity_01_OCV_C01.mpt,3.950227138060439
GE01,-20,253.14999999999998,9.421583334690356e-09,BL-LL-GE01_-20C_Blocking_Ionic_Conductivity_02_PEIS_C01.mpt,3.950227138060439
GE01,-40,233.14999999999998,9.718173228980811e-05,BL-LL-GE01_-40C_Blocking_Ionic_Conductivity_01_OCV_C01.mpt,4.2890842805061125
GE01,-40,233.14999999999998,4.6342235912579645e-09,BL-LL-GE01_-40C_Blocking_Ionic_Conductivity_02_PEIS_C01.mpt,4.2890842805061125
GE01,-60,213.14999999999998,9.718173228980811e-05,BL-LL-GE01_-60C_Blocking_Ionic_Conductivity_01_OCV_C01.mpt,4.691531785127845
GE01,-60,213.14999999999998,3.00716882584997e-10,BL-LL-GE01_-60C_Blocking_Ionic_Conductivity_02_PEIS_C01.mpt,4.691531785127845
GE02,60,333.15,9.718173228980811e-05,BL-LL-GE02_60C_Blocking_Ionic_Conductivity_01_OCV_C01.mpt,3.0016509079994
GE02,60,333.15,3.3399259463603353e-08,BL-LL-GE02_60C_Blocking_Ionic_Conductivity_02_PEIS_C01.mpt,3.0016509079994
GE02,40,313.15,9.718173228980811e-05,BL-LL-GE02_40C_Blocking_Ionic_Conductivity_01_OCV_C01.mpt,3.193357815743254
GE02,40,313.15,2.2924000833949475e-08,BL-LL-GE02_40C_Blocking_Ionic_Conductivity_02_PEIS_C01.mpt,3.193357815743254
GE02,20,293.15,9.276438082208953e-05,BL-LL-GE02_20C_Blocking_Ionic_Conductivity_01_OCV_C04.mpt,3.4112229234180456
GE02,20,293.15,1.668556444774373e-08,BL-LL-GE02_20C_Blocking_Ionic_Conductivity_02_PEIS_C04.mpt,3.4112229234180456
GE02,10,283.15,9.718173228980811e-05,BL-LL-GE02_10C_Blocking_Ionic_Conductivity_01_OCV_C02.mpt,3.531696980399082
GE02,10,283.15,1.3286637633156086e-08,BL-LL-GE02_10C_Blocking_Ionic_Conductivity_02_PEIS_C02.mpt,3.531696980399082
GE02,0,273.15,9.718173228980811e-05,BL-LL-GE02_0C_Blocking_Ionic_Conductivity_01_OCV_C02.mpt,3.660992128866923
GE02,0,273.15,1.2673018267844584e-08,BL-LL-GE02_0C_Blocking_Ionic_Conductivity_02_PEIS_C02.mpt,3.660992128866923
GE02,-10,263.15,9.718173228980811e-05,BL-LL-GE02_-10C_Blocking_Ionic_Conductivity_01_OCV_C01.mpt,3.800114003420103
GE02,-10,263.15,1.1676571169869054e-08,BL-LL-GE02_-10C_Blocking_Ionic_Conductivity_02_PEIS_C01.mpt,3.800114003420103
GE02,-20,253.14999999999998,9.718173228980811e-05,BL-LL-GE02_-20C_Blocking_Ionic_Conductivity_01_OCV_C01.mpt,3.950227138060439
GE02,-20,253.14999999999998,9.891303770474987e-09,BL-LL-GE02_-20C_Blocking_Ionic_Conductivity_02_PEIS_C01.mpt,3.950227138060439
GE02,-40,233.14999999999998,9.718173228980811e-05,BL-LL-GE02_-40C_Blocking_Ionic_Conductivity_01_OCV_C01.mpt,4.2890842805061125
GE02,-40,233.14999999999998,4.3155682127757145e-09,BL-LL-GE02_-40C_Blocking_Ionic_Conductivity_02_PEIS_C01.mpt,4.2890842805061125
GE02,-60,213.14999999999998,9.718173228980811e-05,BL-LL-GE02_-60C_Blocking_Ionic_Conductivity_01_OCV_C01.mpt,4.691531785127845
GE02,-60,213.14999999999998,1.5809634486240202e-09,BL-LL-GE02_-60C_Blocking_Ionic_Conductivity_02_PEIS_C01.mpt,4.691531785127845
GE03,60,333.15,9.718173228980811e-05,BL-LL-GE03_60C_Blocking_Ionic_Conductivity_01_OCV_C01.mpt,3.0016509079994
GE03,60,333.15,3.1741930688586784e-08,BL-LL-GE03_60C_Blocking_Ionic_Conductivity_02_PEIS_C01.mpt,3.0016509079994
GE03,40,313.15,9.718173228980811e-05,BL-LL-GE03_40C_Blocking_Ionic_Conductivity_01_OCV_C01.mpt,3.193357815743254
GE03,40,313.15,1.987836585370774e-08,BL-LL-GE03_40C_Blocking_Ionic_Conductivity_02_PEIS_C01.mpt,3.193357815743254
GE03,20,293.15,9.276438082208953e-05,BL-LL-GE03_20C_Blocking_Ionic_Conductivity_01_OCV_C04.mpt,3.4112229234180456
GE03,20,293.15,1.914998906757764e-11,BL-LL-GE03_20C_Blocking_Ionic_Conductivity_02_PEIS_C04.mpt,3.4112229234180456
GE03,10,283.15,9.718173228980811e-05,BL-LL-GE03_10C_Blocking_Ionic_Conductivity_01_OCV_C03.mpt,3.531696980399082
GE03,10,283.15,1.128998501992628e-08,BL-LL-GE03_10C_Blocking_Ionic_Conductivity_02_PEIS_C03.mpt,3.531696980399082
GE03,0,273.15,9.718173228980811e-05,BL-LL-GE03_0C_Blocking_Ionic_Conductivity_01_OCV_C03.mpt,3.660992128866923
GE03,0,273.15,9.745184779462101e-09,BL-LL-GE03_0C_Blocking_Ionic_Conductivity_02_PEIS_C03.mpt,3.660992128866923
GE03,-10,263.15,9.718173228980811e-05,BL-LL-GE03_-10C_Blocking_Ionic_Conductivity_01_OCV_C01.mpt,3.800114003420103
GE03,-10,263.15,8.7091700174908e-09,BL-LL-GE03_-10C_Blocking_Ionic_Conductivity_02_PEIS_C01.mpt,3.800114003420103
GE03,-20,253.14999999999998,9.718173228980811e-05,BL-LL-GE03_-20C_Blocking_Ionic_Conductivity_01_OCV_C01.mpt,3.950227138060439
GE03,-20,253.14999999999998,7.771796792943185e-09,BL-LL-GE03_-20C_Blocking_Ionic_Conductivity_02_PEIS_C01.mpt,3.950227138060439
GE03,-40,233.14999999999998,9.718173228980811e-05,BL-LL-GE03_-40C_Blocking_Ionic_Conductivity_01_OCV_C01.mpt,4.2890842805061125
GE03,-40,233.14999999999998,3.886091374611589e-09,BL-LL-GE03_-40C_Blocking_Ionic_Conductivity_02_PEIS_C01.mpt,4.2890842805061125
GE03,-60,213.14999999999998,9.718173228980811e-05,BL-LL-GE03_-60C_Blocking_Ionic_Conductivity_01_OCV_C01.mpt,4.691531785127845
GE03,-60,213.14999999999998,6.913818781514275e-10,BL-LL-GE03_-60C_Blocking_Ionic_Conductivity_02_PEIS_C01.mpt,4.691531785127845
GF01,60,333.15,9.718173228980811e-05,BL-LL-GF01_60C_Blocking_Ionic_Conductivity_01_OCV_C02.mpt,3.0016509079994
GF01,60,333.15,3.814789215572882e-05,BL-LL-GF01_60C_Blocking_Ionic_Conductivity_02_PEIS_C02.mpt,3.0016509079994
GF01,40,313.15,9.718173228980811e-05,BL-LL-GF01_40C_Blocking_Ionic_Conductivity_01_OCV_C02.mpt,3.193357815743254
GF01,40,313.15,6.530694583895273e-05,BL-LL-GF01_40C_Blocking_Ionic_Conductivity_02_PEIS_C02.mpt,3.193357815743254
GF01,20,293.15,9.276438082208953e-05,BL-LL-GF01_20C_Blocking_Ionic_Conductivity_01_OCV_C04.mpt,3.4112229234180456
GF01,20,293.15,8.902742014449183e-05,BL-LL-GF01_20C_Blocking_Ionic_Conductivity_02_PEIS_C04.mpt,3.4112229234180456
GF01,10,283.15,9.718173228980811e-05,BL-LL-GF01_10C_Blocking_Ionic_Conductivity_01_OCV_C04.mpt,3.531696980399082
GF01,10,283.15,8.956083621849388e-05,BL-LL-GF01_10C_Blocking_Ionic_Conductivity_02_PEIS_C04.mpt,3.531696980399082
GF01,0,273.15,9.718173228980811e-05,BL-LL-GF01_0C_Blocking_Ionic_Conductivity_01_OCV_C04.mpt,3.660992128866923
GF01,0,273.15,9.423506226125641e-05,BL-LL-GF01_0C_Blocking_Ionic_Conductivity_02_PEIS_C04.mpt,3.660992128866923
GF01,-10,263.15,9.718173228980811e-05,BL-LL-GF01_-10C_Blocking_Ionic_Conductivity_01_OCV_C02.mpt,3.800114003420103
GF01,-10,263.15,0.0001139380891756394,BL-LL-GF01_-10C_Blocking_Ionic_Conductivity_02_PEIS_C02.mpt,3.800114003420103
GF01,-20,253.14999999999998,9.718173228980811e-05,BL-LL-GF01_-20C_Blocking_Ionic_Conductivity_01_OCV_C02.mpt,3.950227138060439
GF01,-20,253.14999999999998,0.0001566297193865804,BL-LL-GF01_-20C_Blocking_Ionic_Conductivity_02_PEIS_C02.mpt,3.950227138060439
GF01,-40,233.14999999999998,9.718173228980811e-05,BL-LL-GF01_-40C_Blocking_Ionic_Conductivity_01_OCV_C02.mpt,4.2890842805061125
GF01,-40,233.14999999999998,0.00019153851466623606,BL-LL-GF01_-40C_Blocking_Ionic_Conductivity_02_PEIS_C02.mpt,4.2890842805061125
GF01,-60,213.14999999999998,9.718173228980811e-05,BL-LL-GF01_-60C_Blocking_Ionic_Conductivity_01_OCV_C02.mpt,4.691531785127845
GF01,-60,213.14999999999998,1.1953830646259356e-07,BL-LL-GF01_-60C_Blocking_Ionic_Conductivity_02_PEIS_C02.mpt,4.691531785127845
GF02,60,333.15,9.718173228980811e-05,BL-LL-GF02_60C_Blocking_Ionic_Conductivity_01_OCV_C02.mpt,3.0016509079994
GF02,60,333.15,3.071659839769568e-08,BL-LL-GF02_60C_Blocking_Ionic_Conductivity_02_PEIS_C02.mpt,3.0016509079994
GF02,40,313.15,9.718173228980811e-05,BL-LL-GF02_40C_Blocking_Ionic_Conductivity_01_OCV_C02.mpt,3.193357815743254
GF02,40,313.15,2.2071679721319938e-08,BL-LL-GF02_40C_Blocking_Ionic_Conductivity_02_PEIS_C02.mpt,3.193357815743254
GF02,20,293.15,9.276438082208953e-05,BL-LL-GF02_20C_Blocking_Ionic_Conductivity_01_OCV_C04.mpt,3.4112229234180456
GF02,20,293.15,1.6701151058629215e-08,BL-LL-GF02_20C_Blocking_Ionic_Conductivity_02_PEIS_C04.mpt,3.4112229234180456
GF02,10,283.15,9.718173228980811e-05,BL-LL-GF02_10C_Blocking_Ionic_Conductivity_01_OCV_C05.mpt,3.531696980399082
GF02,10,283.15,1.1599294672873363e-08,BL-LL-GF02_10C_Blocking_Ionic_Conductivity_02_PEIS_C05.mpt,3.531696980399082
GF02,0,273.15,9.718173228980811e-05,BL-LL-GF02_0C_Blocking_Ionic_Conductivity_01_OCV_C05.mpt,3.660992128866923
GF02,0,273.15,1.1421258515525027e-08,BL-LL-GF02_0C_Blocking_Ionic_Conductivity_02_PEIS_C05.mpt,3.660992128866923
GF02,-10,263.15,9.718173228980811e-05,BL-LL-GF02_-10C_Blocking_Ionic_Conductivity_01_OCV_C02.mpt,3.800114003420103
GF02,-10,263.15,9.742525586005804e-09,BL-LL-GF02_-10C_Blocking_Ionic_Conductivity_02_PEIS_C02.mpt,3.800114003420103
GF02,-20,253.14999999999998,9.718173228980811e-05,BL-LL-GF02_-20C_Blocking_Ionic_Conductivity_01_OCV_C02.mpt,3.950227138060439
GF02,-20,253.14999999999998,8.341923957850782e-09,BL-LL-GF02_-20C_Blocking_Ionic_Conductivity_02_PEIS_C02.mpt,3.950227138060439
GF02,-40,233.14999999999998,9.718173228980811e-05,BL-LL-GF02_-40C_Blocking_Ionic_Conductivity_01_OCV_C02.mpt,4.2890842805061125
GF02,-40,233.14999999999998,6.3421649112856456e-09,BL-LL-GF02_-40C_Blocking_Ionic_Conductivity_02_PEIS_C02.mpt,4.2890842805061125
GF02,-60,213.14999999999998,9.718173228980811e-05,BL-LL-GF02_-60C_Blocking_Ionic_Conductivity_01_OCV_C02.mpt,4.691531785127845
GF02,-60,213.14999999999998,1.4551017754057626e-11,BL-LL-GF02_-60C_Blocking_Ionic_Conductivity_02_PEIS_C02.mpt,4.691531785127845
GF03,60,333.15,9.718173228980811e-05,BL-LL-GF03_60C_Blocking_Ionic_Conductivity_01_OCV_C02.mpt,3.0016509079994
GF03,60,333.15,1.987922519070639e-08,BL-LL-GF03_60C_Blocking_Ionic_Conductivity_02_PEIS_C02.mpt,3.0016509079994
GF03,40,313.15,9.718173228980811e-05,BL-LL-GF03_40C_Blocking_Ionic_Conductivity_01_OCV_C02.mpt,3.193357815743254
GF03,40,313.15,1.3827374487230691e-08,BL-LL-GF03_40C_Blocking_Ionic_Conductivity_02_PEIS_C02.mpt,3.193357815743254
GF03,20,293.15,9.276438082208953e-05,BL-LL-GF03_20C_Blocking_Ionic_Conductivity_01_OCV_C04.mpt,3.4112229234180456
GF03,20,293.15,9.70166167926877e-09,BL-LL-GF03_20C_Blocking_Ionic_Conductivity_02_PEIS_C04.mpt,3.4112229234180456
GF03,10,283.15,9.718173228980811e-05,BL-LL-GF03_10C_Blocking_Ionic_Conductivity_01_OCV_C01.mpt,3.531696980399082
GF03,10,283.15,7.848796070659107e-09,BL-LL-GF03_10C_Blocking_Ionic_Conductivity_02_PEIS_C01.mpt,3.531696980399082
GF03,0,273.15,9.718173228980811e-05,BL-LL-GF03_0C_Blocking_Ionic_Conductivity_01_OCV_C01.mpt,3.660992128866923
GF03,0,273.15,6.644086005099485e-09,BL-LL-GF03_0C_Blocking_Ionic_Conductivity_02_PEIS_C01.mpt,3.660992128866923
GF03,-10,263.15,9.718173228980811e-05,BL-LL-GF03_-10C_Blocking_Ionic_Conductivity_01_OCV_C02.mpt,3.800114003420103
GF03,-10,263.15,5.685540123747578e-09,BL-LL-GF03_-10C_Blocking_Ionic_Conductivity_02_PEIS_C02.mpt,3.800114003420103
GF03,-20,253.14999999999998,9.718173228980811e-05,BL-LL-GF03_-20C_Blocking_Ionic_Conductivity_01_OCV_C02.mpt,3.950227138060439
GF03,-20,253.14999999999998,4.929660926031166e-09,BL-LL-GF03_-20C_Blocking_Ionic_Conductivity_02_PEIS_C02.mpt,3.950227138060439
GF03,-40,233.14999999999998,9.718173228980811e-05,BL-LL-GF03_-40C_Blocking_Ionic_Conductivity_01_OCV_C02.mpt,4.2890842805061125
GF03,-40,233.14999999999998,3.921356311380201e-09,BL-LL-GF03_-40C_Blocking_Ionic_Conductivity_02_PEIS_C02.mpt,4.2890842805061125
GF03,-60,213.14999999999998,9.718173228980811e-05,BL-LL-GF03_-60C_Blocking_Ionic_Conductivity_01_OCV_C02.mpt,4.691531785127845
GF03,-60,213.14999999999998,1.4830646365024521e-09,BL-LL-GF03_-60C_Blocking_Ionic_Conductivity_02_PEIS_C02.mpt,4.691531785127845
GG01,60,333.15,9.718173228980811e-05,BL-LL-GG01_60C_Blocking_Ionic_Conductivity_01_OCV_C03.mpt,3.0016509079994
GG01,60,333.15,4.3733726450785604e-05,BL-LL-GG01_60C_Blocking_Ionic_Conductivity_02_PEIS_C03.mpt,3.0016509079994
GG01,40,313.15,9.718173228980811e-05,BL-LL-GG01_40C_Blocking_Ionic_Conductivity_01_OCV_C03.mpt,3.193357815743254
GG01,40,313.15,5.5728761226577065e-05,BL-LL-GG01_40C_Blocking_Ionic_Conductivity_02_PEIS_C03.mpt,3.193357815743254
GG01,20,293.15,9.276438082208953e-05,BL-LL-GG01_20C_Blocking_Ionic_Conductivity_01_OCV_C04.mpt,3.4112229234180456
GG01,20,293.15,1.3706409620958965e-05,BL-LL-GG01_20C_Blocking_Ionic_Conductivity_02_PEIS_C04.mpt,3.4112229234180456
GG01,10,283.15,9.718173228980811e-05,BL-LL-GG01_10C_Blocking_Ionic_Conductivity_01_OCV_C02.mpt,3.531696980399082
GG01,10,283.15,3.054542311943465e-05,BL-LL-GG01_10C_Blocking_Ionic_Conductivity_02_PEIS_C02.mpt,3.531696980399082
GG01,0,273.15,9.718173228980811e-05,BL-LL-GG01_0C_Blocking_Ionic_Conductivity_01_OCV_C02.mpt,3.660992128866923
GG01,0,273.15,3.963524844546533e-05,BL-LL-GG01_0C_Blocking_Ionic_Conductivity_02_PEIS_C02.mpt,3.660992128866923
GG01,-10,263.15,9.718173228980811e-05,BL-LL-GG01_-10C_Blocking_Ionic_Conductivity_01_OCV_C03.mpt,3.800114003420103
GG01,-10,263.15,4.571979462035494e-05,BL-LL-GG01_-10C_Blocking_Ionic_Conductivity_02_PEIS_C03.mpt,3.800114003420103
GG01,-20,253.14999999999998,9.718173228980811e-05,BL-LL-GG01_-20C_Blocking_Ionic_Conductivity_01_OCV_C03.mpt,3.950227138060439
GG01,-20,253.14999999999998,5.019934269422431e-05,BL-LL-GG01_-20C_Blocking_Ionic_Conductivity_02_PEIS_C03.mpt,3.950227138060439
GG01,-40,233.14999999999998,9.718173228980811e-05,BL-LL-GG01_-40C_Blocking_Ionic_Conductivity_01_OCV_C03.mpt,4.2890842805061125
GG01,-40,233.14999999999998,5.591970704891238e-05,BL-LL-GG01_-40C_Blocking_Ionic_Conductivity_02_PEIS_C03.mpt,4.2890842805061125
GG01,-60,213.14999999999998,9.718173228980811e-05,BL-LL-GG01_-60C_Blocking_Ionic_Conductivity_01_OCV_C03.mpt,4.691531785127845
GG01,-60,213.14999999999998,6.447147168195437e-05,BL-LL-GG01_-60C_Blocking_Ionic_Conductivity_02_PEIS_C03.mpt,4.691531785127845
GG02,60,333.15,9.718173228980811e-05,BL-LL-GG02_60C_Blocking_Ionic_Conductivity_01_OCV_C03.mpt,3.0016509079994
GG02,60,333.15,1.765347389033011e-08,BL-LL-GG02_60C_Blocking_Ionic_Conductivity_02_PEIS_C03.mpt,3.0016509079994
GG02,40,313.15,9.718173228980811e-05,BL-LL-GG02_40C_Blocking_Ionic_Conductivity_01_OCV_C03.mpt,3.193357815743254
GG02,40,313.15,1.3639747596983572e-08,BL-LL-GG02_40C_Blocking_Ionic_Conductivity_02_PEIS_C03.mpt,3.193357815743254
GG02,20,293.15,9.276438082208953e-05,BL-LL-GG02_20C_Blocking_Ionic_Conductivity_01_OCV_C04.mpt,3.4112229234180456
GG02,20,293.15,1.01901924004113e-08,BL-LL-GG02_20C_Blocking_Ionic_Conductivity_02_PEIS_C04.mpt,3.4112229234180456
GG02,10,283.15,9.718173228980811e-05,BL-LL-GG02_10C_Blocking_Ionic_Conductivity_01_OCV_C03.mpt,3.531696980399082
GG02,10,283.15,8.797040714914246e-09,BL-LL-GG02_10C_Blocking_Ionic_Conductivity_02_PEIS_C03.mpt,3.531696980399082
GG02,0,273.15,9.718173228980811e-05,BL-LL-GG02_0C_Blocking_Ionic_Conductivity_01_OCV_C03.mpt,3.660992128866923
GG02,0,273.15,7.715981582100111e-09,BL-LL-GG02_0C_Blocking_Ionic_Conductivity_02_PEIS_C03.mpt,3.660992128866923
GG02,-10,263.15,9.718173228980811e-05,BL-LL-GG02_-10C_Blocking_Ionic_Conductivity_01_OCV_C03.mpt,3.800114003420103
GG02,-10,263.15,6.545984940668384e-09,BL-LL-GG02_-10C_Blocking_Ionic_Conductivity_02_PEIS_C03.mpt,3.800114003420103
GG02,-20,253.14999999999998,9.718173228980811e-05,BL-LL-GG02_-20C_Blocking_Ionic_Conductivity_01_OCV_C03.mpt,3.950227138060439
GG02,-20,253.14999999999998,5.619180455724369e-09,BL-LL-GG02_-20C_Blocking_Ionic_Conductivity_02_PEIS_C03.mpt,3.950227138060439
GG02,-40,233.14999999999998,9.718173228980811e-05,BL-LL-GG02_-40C_Blocking_Ionic_Conductivity_01_OCV_C03.mpt,4.2890842805061125
GG02,-40,233.14999999999998,3.5586212359452545e-09,BL-LL-GG02_-40C_Blocking_Ionic_Conductivity_02_PEIS_C03.mpt,4.2890842805061125
GG02,-60,213.14999999999998,9.718173228980811e-05,BL-LL-GG02_-60C_Blocking_Ionic_Conductivity_01_OCV_C03.mpt,4.691531785127845
GG02,-60,213.14999999999998,2.441752005899273e-09,BL-LL-GG02_-60C_Blocking_Ionic_Conductivity_02_PEIS_C03.mpt,4.691531785127845
GG03,60,333.15,9.718173228980811e-05,BL-LL-GG03_60C_Blocking_Ionic_Conductivity_01_OCV_C03.mpt,3.0016509079994
GG03,60,333.15,2.5791446914511952e-08,BL-LL-GG03_60C_Blocking_Ionic_Conductivity_02_PEIS_C03.mpt,3.0016509079994
GG03,40,313.15,9.718173228980811e-05,BL-LL-GG03_40C_Blocking_Ionic_Conductivity_01_OCV_C03.mpt,3.193357815743254
GG03,40,313.15,1.8977068380043927e-08,BL-LL-GG03_40C_Blocking_Ionic_Conductivity_02_PEIS_C03.mpt,3.193357815743254
GG03,20,293.15,9.276438082208953e-05,BL-LL-GG03_20C_Blocking_Ionic_Conductivity_01_OCV_C01.mpt,3.4112229234180456
GG03,20,293.15,1.4699038277526574e-08,BL-LL-GG03_20C_Blocking_Ionic_Conductivity_02_PEIS_C01.mpt,3.4112229234180456
GG03,10,283.15,9.718173228980811e-05,BL-LL-GG03_10C_Blocking_Ionic_Conductivity_01_OCV_C04.mpt,3.531696980399082
GG03,10,283.15,1.3176919104517822e-08,BL-LL-GG03_10C_Blocking_Ionic_Conductivity_02_PEIS_C04.mpt,3.531696980399082
GG03,0,273.15,9.718173228980811e-05,BL-LL-GG03_0C_Blocking_Ionic_Conductivity_01_OCV_C04.mpt,3.660992128866923
GG03,0,273.15,1.1608529603382881e-08,BL-LL-GG03_0C_Blocking_Ionic_Conductivity_02_PEIS_C04.mpt,3.660992128866923
GG03,-10,263.15,9.718173228980811e-05,BL-LL-GG03_-10C_Blocking_Ionic_Conductivity_01_OCV_C03.mpt,3.800114003420103
GG03,-10,263.15,9.88461962260803e-09,BL-LL-GG03_-10C_Blocking_Ionic_Conductivity_02_PEIS_C03.mpt,3.800114003420103
GG03,-20,253.14999999999998,9.718173228980811e-05,BL-LL-GG03_-20C_Blocking_Ionic_Conductivity_01_OCV_C03.mpt,3.950227138060439
GG03,-20,253.14999999999998,8.306014464146746e-09,BL-LL-GG03_-20C_Blocking_Ionic_Conductivity_02_PEIS_C03.mpt,3.950227138060439
GG03,-40,233.14999999999998,9.718173228980811e-05,BL-LL-GG03_-40C_Blocking_Ionic_Conductivity_01_OCV_C03.mpt,4.2890842805061125
GG03,-40,233.14999999999998,5.0729277910266085e-09,BL-LL-GG03_-40C_Blocking_Ionic_Conductivity_02_PEIS_C03.mpt,4.2890842805061125
GG03,-60,213.14999999999998,9.718173228980811e-05,BL-LL-GG03_-60C_Blocking_Ionic_Conductivity_01_OCV_C03.mpt,4.691531785127845
GG03,-60,213.14999999999998,1.7748079047845545e-09,BL-LL-GG03_-60C_Blocking_Ionic_Conductivity_02_PEIS_C03.mpt,4.691531785127845
GH01,60,333.15,9.718173228980811e-05,BL-LL-GH01_60C_Blocking_Ionic_Conductivity_01_OCV_C04.mpt,3.0016509079994
GH01,60,333.15,2.1609681891578887e-08,BL-LL-GH01_60C_Blocking_Ionic_Conductivity_02_PEIS_C04.mpt,3.0016509079994
GH01,40,313.15,9.718173228980811e-05,BL-LL-GH01_40C_Blocking_Ionic_Conductivity_01_OCV_C04.mpt,3.193357815743254
GH01,40,313.15,1.7409457652563375e-08,BL-LL-GH01_40C_Blocking_Ionic_Conductivity_02_PEIS_C04.mpt,3.193357815743254
GH01,20,293.15,9.276438082208953e-05,BL-LL-GH01_20C_Blocking_Ionic_Conductivity_01_OCV_C03.mpt,3.4112229234180456
GH01,20,293.15,1.3807115160125075e-08,BL-LL-GH01_20C_Blocking_Ionic_Conductivity_02_PEIS_C03.mpt,3.4112229234180456
GH01,10,283.15,9.718173228980811e-05,BL-LL-GH01_10C_Blocking_Ionic_Conductivity_01_OCV_C05.mpt,3.531696980399082
GH01,10,283.15,1.1887804249195535e-08,BL-LL-GH01_10C_Blocking_Ionic_Conductivity_02_PEIS_C05.mpt,3.531696980399082
GH01,0,273.15,9.718173228980811e-05,BL-LL-GH01_0C_Blocking_Ionic_Conductivity_01_OCV_C05.mpt,3.660992128866923
GH01,0,273.15,1.0522268400041218e-08,BL-LL-GH01_0C_Blocking_Ionic_Conductivity_02_PEIS_C05.mpt,3.660992128866923
GH01,-10,263.15,9.276438082208953e-05,BL-LL-GH01_-10C_Blocking_Ionic_Conductivity_01_OCV_C04.mpt,3.800114003420103
GH01,-10,263.15,8.842793677065788e-09,BL-LL-GH01_-10C_Blocking_Ionic_Conductivity_02_PEIS_C04.mpt,3.800114003420103
GH01,-20,253.14999999999998,9.718173228980811e-05,BL-LL-GH01_-20C_Blocking_Ionic_Conductivity_01_OCV_C04.mpt,3.950227138060439
GH01,-20,253.14999999999998,7.836482722746678e-09,BL-LL-GH01_-20C_Blocking_Ionic_Conductivity_02_PEIS_C04.mpt,3.950227138060439
GH01,-40,233.14999999999998,9.718173228980811e-05,BL-LL-GH01_-40C_Blocking_Ionic_Conductivity_01_OCV_C04.mpt,4.2890842805061125
GH01,-40,233.14999999999998,5.383735630860748e-09,BL-LL-GH01_-40C_Blocking_Ionic_Conductivity_02_PEIS_C04.mpt,4.2890842805061125
GH01,-60,213.14999999999998,9.718173228980811e-05,BL-LL-GH01_-60C_Blocking_Ionic_Conductivity_01_OCV_C04.mpt,4.691531785127845
GH01,-60,213.14999999999998,3.2264522041649553e-09,BL-LL-GH01_-60C_Blocking_Ionic_Conductivity_02_PEIS_C04.mpt,4.691531785127845
GH02,60,333.15,9.718173228980811e-05,BL-LL-GH02_60C_Blocking_Ionic_Conductivity_01_OCV_C04.mpt,3.0016509079994
GH02,60,333.15,2.347795953465018e-08,BL-LL-GH02_60C_Blocking_Ionic_Conductivity_02_PEIS_C04.mpt,3.0016509079994
GH02,40,313.15,9.718173228980811e-05,BL-LL-GH02_40C_Blocking_Ionic_Conductivity_01_OCV_C04.mpt,3.193357815743254
GH02,40,313.15,1.6387723420310638e-08,BL-LL-GH02_40C_Blocking_Ionic_Conductivity_02_PEIS_C04.mpt,3.193357815743254
GH02,20,293.15,9.276438082208953e-05,BL-LL-GH02_20C_Blocking_Ionic_Conductivity_01_OCV_C05.mpt,3.4112229234180456
GH02,20,293.15,1.644148738754825e-08,BL-LL-GH02_20C_Blocking_Ionic_Conductivity_02_PEIS_C05.mpt,3.4112229234180456
GH02,10,283.15,9.718173228980811e-05,BL-LL-GH02_10C_Blocking_Ionic_Conductivity_01_OCV_C01.mpt,3.531696980399082
GH02,10,283.15,1.4117579392767233e-08,BL-LL-GH02_10C_Blocking_Ionic_Conductivity_02_PEIS_C01.mpt,3.531696980399082
GH02,0,273.15,9.718173228980811e-05,BL-LL-GH02_0C_Blocking_Ionic_Conductivity_01_OCV_C01.mpt,3.660992128866923
GH02,0,273.15,1.129417508205817e-08,BL-LL-GH02_0C_Blocking_Ionic_Conductivity_02_PEIS_C01.mpt,3.660992128866923
GH02,-10,263.15,9.718173228980811e-05,BL-LL-GH02_-10C_Blocking_Ionic_Conductivity_01_OCV_C04.mpt,3.800114003420103
GH02,-10,263.15,1.0115529277802252e-08,BL-LL-GH02_-10C_Blocking_Ionic_Conductivity_02_PEIS_C04.mpt,3.800114003420103
GH02,-20,253.14999999999998,9.718173228980811e-05,BL-LL-GH02_-20C_Blocking_Ionic_Conductivity_01_OCV_C04.mpt,3.950227138060439
GH02,-20,253.14999999999998,8.189802230903111e-09,BL-LL-GH02_-20C_Blocking_Ionic_Conductivity_02_PEIS_C04.mpt,3.950227138060439
GH02,-40,233.14999999999998,9.718173228980811e-05,BL-LL-GH02_-40C_Blocking_Ionic_Conductivity_01_OCV_C04.mpt,4.2890842805061125
GH02,-40,233.14999999999998,5.2402769645260955e-09,BL-LL-GH02_-40C_Blocking_Ionic_Conductivity_02_PEIS_C04.mpt,4.2890842805061125
GH02,-60,213.14999999999998,9.718173228980811e-05,BL-LL-GH02_-60C_Blocking_Ionic_Conductivity_01_OCV_C04.mpt,4.691531785127845
GH02,-60,213.14999999999998,3.0819038488886922e-09,BL-LL-GH02_-60C_Blocking_Ionic_Conductivity_02_PEIS_C04.mpt,4.691531785127845
GH03,60,333.15,9.718173228980811e-05,BL-LL-GH03_60C_Blocking_Ionic_Conductivity_01_OCV_C04.mpt,3.0016509079994
GH03,60,333.15,2.543090416472101e-08,BL-LL-GH03_60C_Blocking_Ionic_Conductivity_02_PEIS_C04.mpt,3.0016509079994
GH03,40,313.15,9.718173228980811e-05,BL-LL-GH03_40C_Blocking_Ionic_Conductivity_01_OCV_C04.mpt,3.193357815743254
GH03,40,313.15,1.8710696680090063e-08,BL-LL-GH03_40C_Blocking_Ionic_Conductivity_02_PEIS_C04.mpt,3.193357815743254
GH03,20,293.15,9.276438082208953e-05,BL-LL-GH03_20C_Blocking_Ionic_Conductivity_01_OCV_C01.mpt,3.4112229234180456
GH03,20,293.15,1.4676532378888454e-08,BL-LL-GH03_20C_Blocking_Ionic_Conductivity_02_PEIS_C01.mpt,3.4112229234180456
GH03,10,283.15,9.718173228980811e-05,BL-LL-GH03_10C_Blocking_Ionic_Conductivity_01_OCV_C02.mpt,3.531696980399082
GH03,10,283.15,1.2373799241046243e-08,BL-LL-GH03_10C_Blocking_Ionic_Conductivity_02_PEIS_C02.mpt,3.531696980399082
GH03,0,273.15,9.718173228980811e-05,BL-LL-GH03_0C_Blocking_Ionic_Conductivity_01_OCV_C02.mpt,3.660992128866923
GH03,0,273.15,9.350752528552888e-09,BL-LL-GH03_0C_Blocking_Ionic_Conductivity_02_PEIS_C02.mpt,3.660992128866923
GH03,-10,263.15,9.718173228980811e-05,BL-LL-GH03_-10C_Blocking_Ionic_Conductivity_01_OCV_C04.mpt,3.800114003420103
GH03,-10,263.15,8.666077353763502e-09,BL-LL-GH03_-10C_Blocking_Ionic_Conductivity_02_PEIS_C04.mpt,3.800114003420103
GH03,-20,253.14999999999998,9.718173228980811e-05,BL-LL-GH03_-20C_Blocking_Ionic_Conductivity_01_OCV_C04.mpt,3.950227138060439
GH03,-20,253.14999999999998,1.2198051343000879e-08,BL-LL-GH03_-20C_Blocking_Ionic_Conductivity_02_PEIS_C04.mpt,3.950227138060439
GH03,-40,233.14999999999998,9.718173228980811e-05,BL-LL-GH03_-40C_Blocking_Ionic_Conductivity_01_OCV_C04.mpt,4.2890842805061125
GH03,-40,233.14999999999998,4.736610158449604e-09,BL-LL-GH03_-40C_Blocking_Ionic_Conductivity_02_PEIS_C04.mpt,4.2890842805061125
GH03,-60,213.14999999999998,9.718173228980811e-05,BL-LL-GH03_-60C_Blocking_Ionic_Conductivity_01_OCV_C04.mpt,4.691531785127845
GH03,-60,213.14999999999998,2.7449433841537606e-09,BL-LL-GH03_-60C_Blocking_Ionic_Conductivity_02_PEIS_C04.mpt,4.691531785127845
GI01,60,333.15,9.718173228980811e-05,BL-LL-GI01_60C_Blocking_Ionic_Conductivity_01_OCV_C05.mpt,3.0016509079994
GI01,60,333.15,1.273878795278974e-08,BL-LL-GI01_60C_Blocking_Ionic_Conductivity_02_PEIS_C05.mpt,3.0016509079994
GI01,40,313.15,9.718173228980811e-05,BL-LL-GI01_40C_Blocking_Ionic_Conductivity_01_OCV_C05.mpt,3.193357815743254
GI01,40,313.15,1.2662387092843495e-08,BL-LL-GI01_40C_Blocking_Ionic_Conductivity_02_PEIS_C05.mpt,3.193357815743254
GI01,20,293.15,9.276438082208953e-05,BL-LL-GI01_20C_Blocking_Ionic_Conductivity_01_OCV_C03.mpt,3.4112229234180456
GI01,20,293.15,9.144951731865655e-09,BL-LL-GI01_20C_Blocking_Ionic_Conductivity_02_PEIS_C03.mpt,3.4112229234180456
GI01,10,283.15,9.718173228980811e-05,BL-LL-GI01_10C_Blocking_Ionic_Conductivity_01_OCV_C03.mpt,3.531696980399082
GI01,10,283.15,7.595533225504815e-09,BL-LL-GI01_10C_Blocking_Ionic_Conductivity_02_PEIS_C03.mpt,3.531696980399082
GI01,0,273.15,9.718173228980811e-05,BL-LL-GI01_0C_Blocking_Ionic_Conductivity_01_OCV_C03.mpt,3.660992128866923
GI01,0,273.15,7.670671360031371e-09,BL-LL-GI01_0C_Blocking_Ionic_Conductivity_02_PEIS_C03.mpt,3.660992128866923
GI01,-10,263.15,9.718173228980811e-05,BL-LL-GI01_-10C_Blocking_Ionic_Conductivity_01_OCV_C05.mpt,3.800114003420103
GI01,-10,263.15,4.429069600576149e-09,BL-LL-GI01_-10C_Blocking_Ionic_Conductivity_02_PEIS_C05.mpt,3.800114003420103
GI01,-20,253.14999999999998,9.718173228980811e-05,BL-LL-GI01_-20C_Blocking_Ionic_Conductivity_01_OCV_C05.mpt,3.950227138060439
GI01,-20,253.14999999999998,3.4391221049298164e-09,BL-LL-GI01_-20C_Blocking_Ionic_Conductivity_02_PEIS_C05.mpt,3.950227138060439
GI01,-40,233.14999999999998,9.718173228980811e-05,BL-LL-GI01_-40C_Blocking_Ionic_Conductivity_01_OCV_C05.mpt,4.2890842805061125
GI01,-40,233.14999999999998,1.5088731028579745e-09,BL-LL-GI01_-40C_Blocking_Ionic_Conductivity_02_PEIS_C05.mpt,4.2890842805061125
GI01,-60,213.14999999999998,9.718173228980811e-05,BL-LL-GI01_-60C_Blocking_Ionic_Conductivity_01_OCV_C05.mpt,4.691531785127845
GI01,-60,213.14999999999998,7.683935855050579e-10,BL-LL-GI01_-60C_Blocking_Ionic_Conductivity_02_PEIS_C05.mpt,4.691531785127845
GI02,60,333.15,9.718173228980811e-05,BL-LL-GI02_60C_Blocking_Ionic_Conductivity_01_OCV_C05.mpt,3.0016509079994
GI02,60,333.15,2.6475244618777204e-08,BL-LL-GI02_60C_Blocking_Ionic_Conductivity_02_PEIS_C05.mpt,3.0016509079994
GI02,40,313.15,9.718173228980811e-05,BL-LL-GI02_40C_Blocking_Ionic_Conductivity_01_OCV_C05.mpt,3.193357815743254
GI02,40,313.15,1.9634161452536614e-08,BL-LL-GI02_40C_Blocking_Ionic_Conductivity_02_PEIS_C05.mpt,3.193357815743254
GI02,20,293.15,9.276438082208953e-05,BL-LL-GI02_20C_Blocking_Ionic_Conductivity_01_OCV_C04.mpt,3.4112229234180456
GI02,20,293.15,1.4569144045723933e-08,BL-LL-GI02_20C_Blocking_Ionic_Conductivity_02_PEIS_C04.mpt,3.4112229234180456
GI02,10,283.15,9.718173228980811e-05,BL-LL-GI02_10C_Blocking_Ionic_Conductivity_01_OCV_C04.mpt,3.531696980399082
GI02,10,283.15,1.1207340939216929e-08,BL-LL-GI02_10C_Blocking_Ionic_Conductivity_02_PEIS_C04.mpt,3.531696980399082
GI02,0,273.15,9.718173228980811e-05,BL-LL-GI02_0C_Blocking_Ionic_Conductivity_01_OCV_C04.mpt,3.660992128866923
GI02,0,273.15,9.041420906455501e-09,BL-LL-GI02_0C_Blocking_Ionic_Conductivity_02_PEIS_C04.mpt,3.660992128866923
GI02,-10,263.15,9.718173228980811e-05,BL-LL-GI02_-10C_Blocking_Ionic_Conductivity_01_OCV_C05.mpt,3.800114003420103
GI02,-10,263.15,7.591500230818047e-09,BL-LL-GI02_-10C_Blocking_Ionic_Conductivity_02_PEIS_C05.mpt,3.800114003420103
GI02,-20,253.14999999999998,9.718173228980811e-05,BL-LL-GI02_-20C_Blocking_Ionic_Conductivity_01_OCV_C05.mpt,3.950227138060439
GI02,-20,253.14999999999998,6.003836936912712e-09,BL-LL-GI02_-20C_Blocking_Ionic_Conductivity_02_PEIS_C05.mpt,3.950227138060439
GI02,-40,233.14999999999998,9.718173228980811e-05,BL-LL-GI02_-40C_Blocking_Ionic_Conductivity_01_OCV_C05.mpt,4.2890842805061125
GI02,-40,233.14999999999998,3.1798278720506155e-09,BL-LL-GI02_-40C_Blocking_Ionic_Conductivity_02_PEIS_C05.mpt,4.2890842805061125
GI02,-60,213.14999999999998,9.718173228980811e-05,BL-LL-GI02_-60C_Blocking_Ionic_Conductivity_01_OCV_C05.mpt,4.691531785127845
GI02,-60,213.14999999999998,9.800095246341693e-10,BL-LL-GI02_-60C_Blocking_Ionic_Conductivity_02_PEIS_C05.mpt,4.691531785127845
GI03,60,333.15,9.718173228980811e-05,BL-LL-GI03_60C_Blocking_Ionic_Conductivity_01_OCV_C05.mpt,3.0016509079994
GI03,60,333.15,2.6157394924396173e-08,BL-LL-GI03_60C_Blocking_Ionic_Conductivity_02_PEIS_C05.mpt,3.0016509079994
GI03,40,313.15,9.718173228980811e-05,BL-LL-GI03_40C_Blocking_Ionic_Conductivity_01_OCV_C05.mpt,3.193357815743254
GI03,40,313.15,1.9166904199235372e-08,BL-LL-GI03_40C_Blocking_Ionic_Conductivity_02_PEIS_C05.mpt,3.193357815743254
GI03,20,293.15,9.276438082208953e-05,BL-LL-GI03_20C_Blocking_Ionic_Conductivity_01_OCV_C05.mpt,3.4112229234180456
GI03,20,293.15,1.3205223543794831e-08,BL-LL-GI03_20C_Blocking_Ionic_Conductivity_02_PEIS_C05.mpt,3.4112229234180456
GI03,10,283.15,9.718173228980811e-05,BL-LL-GI03_10C_Blocking_Ionic_Conductivity_01_OCV_C05.mpt,3.531696980399082
GI03,10,283.15,1.0218620788497144e-08,BL-LL-GI03_10C_Blocking_Ionic_Conductivity_02_PEIS_C05.mpt,3.531696980399082
GI03,0,273.15,9.718173228980811e-05,BL-LL-GI03_0C_Blocking_Ionic_Conductivity_01_OCV_C05.mpt,3.660992128866923
GI03,0,273.15,8.369115416554183e-09,BL-LL-GI03_0C_Blocking_Ionic_Conductivity_02_PEIS_C05.mpt,3.660992128866923
GI03,-10,263.15,9.718173228980811e-05,BL-LL-GI03_-10C_Blocking_Ionic_Conductivity_01_OCV_C05.mpt,3.800114003420103
GI03,-10,263.15,7.1889645012513036e-09,BL-LL-GI03_-10C_Blocking_Ionic_Conductivity_02_PEIS_C05.mpt,3.800114003420103
GI03,-20,253.14999999999998,9.718173228980811e-05,BL-LL-GI03_-20C_Blocking_Ionic_Conductivity_01_OCV_C05.mpt,3.950227138060439
GI03,-20,253.14999999999998,5.8002542522890675e-09,BL-LL-GI03_-20C_Blocking_Ionic_Conductivity_02_PEIS_C05.mpt,3.950227138060439
GI03,-40,233.14999999999998,9.718173228980811e-05,BL-LL-GI03_-40C_Blocking_Ionic_Conductivity_01_OCV_C05.mpt,4.2890842805061125
GI03,-40,233.14999999999998,3.111894693110158e-09,BL-LL-GI03_-40C_Blocking_Ionic_Conductivity_02_PEIS_C05.mpt,4.2890842805061125
GI03,-60,213.14999999999998,9.718173228980811e-05,BL-LL-GI03_-60C_Blocking_Ionic_Conductivity_01_OCV_C05.mpt,4.691531785127845
GI03,-60,213.14999999999998,1.0545833062630587e-10,BL-LL-GI03_-60C_Blocking_Ionic_Conductivity_02_PEIS_C05.mpt,4.691531785127845
