Filename,Cycle Number,R1,R2,CPE2_0,CPE2_1,R3,CPE3_0,CPE3_1,CPE4_0,CPE4_1,R4,Mean Residual (%),W
BL-LL-CV01_EIS_STAIR_RT_05_CP_C03_01_PEIS_C04.mpt,1.0,16.86094771520665,19.365560849411168,0.0002334036388938,0.5473068460025825,226.446297628108,0.008394762382943,0.7652861208093106,0.0244951084665397,0.7676681164828074,346.17599925236016,-529.7478084849047,
BL-LL-CV01_EIS_STAIR_RT_05_CP_C03_01_PEIS_C04.mpt,2.0,28.21326006273872,48.80261848336118,0.1568364635652457,0.7398730988276547,17.3297009629103,0.0002466177979187,0.5472676168505647,0.0071511966889914,0.8074637781590033,42.80057330051521,-0.0561610420435034,1.0476100498835441e-19
BL-LL-CV01_EIS_STAIR_RT_05_CP_C03_01_PEIS_C04.mpt,3.0,33.82116374690867,15.185137248623231,0.4519725159004557,0.7807074311590114,16.253223193524967,0.0002696724593127,0.5512405613169081,0.0071502264439751,0.8378728401757939,16.092417406624982,-0.0122272131255559,1.2120750558371205
BL-LL-CV01_EIS_STAIR_RT_05_CP_C03_01_PEIS_C04.mpt,4.0,3.633195147446293,17.79976869951032,0.0100234910321679,0.3670385763262088,33.70208467324886,1.4839724387023907e-06,0.0247289774165361,1.8058760189995177e-05,0.8203113619685806,7.382930046130432,-0.0252362949674845,2.12758713523766
BL-LL-CV01_EIS_STAIR_RT_05_CP_C03_01_PEIS_C04.mpt,5.0,3.0349709387234327,57.01449805775211,7.004926369587559,0.2761620807626938,31.907728970574563,2.861494075382456e-09,0.0227497032042776,0.0022585695566192,0.3458485325673224,21.44469600169425,-0.0325238066586228,2.011714144023521
BL-LL-CV01_EIS_STAIR_RT_05_CP_C03_01_PEIS_C04.mpt,6.0,2.548217669717633,3.421127710709421,2.1035128615096284,1.0,41.24255411138158,0.0035181507609572,4.7066059510322296e-34,0.0017245840271597,0.3923233254215351,18.005056887139634,-0.0139455884674128,1.351827303766674
BL-LL-CV01_EIS_STAIR_RT_05_CP_C03_01_PEIS_C04.mpt,7.0,5.565014906737526,3.41573892754433,2.360035139886276,1.0,15.647882491718196,0.0014763438686197,0.4245095347460495,0.0001633070018259,8.97359439238966e-35,35.26760889688912,-0.0080753722744867,1.2952423601303251
BL-LL-CV01_EIS_STAIR_RT_05_CP_C03_01_PEIS_C04.mpt,8.0,2.370377000031749,14.782307181291907,0.0015070931648595,0.4235073995885638,31.756057522831085,0.0018312324698422,1.863647531060584e-36,2.66667153991672,1.0,3.529300227731809,-0.0055419546871265,1.2216672433245934
BL-LL-CV01_EIS_STAIR_RT_05_CP_C03_01_PEIS_C04.mpt,9.0,2.073022157108222,14.896290977481463,2.342873082761247e-37,0.8064138814087496,33.51235374868506,0.0304125865495031,2.7216248560861685e-17,0.0014648298888702,0.4418679983663005,13.438294985869732,-0.0073118112926931,1.79639095344739
BL-LL-CV01_EIS_STAIR_RT_05_CP_C03_01_PEIS_C04.mpt,10.0,1.7032832340979571,12.18309229170402,6.5699405251430625e-09,3.6019013498815587e-10,32.39403810345518,0.0194073003170131,3.0818278765806045e-26,0.0018244481166394,0.4307983887864618,13.121004793798756,-0.0050893855948773,1.7962863495697616
BL-LL-CV01_EIS_STAIR_RT_05_CP_C03_01_PEIS_C04.mpt,11.0,2.0559315134676046,10.370729440520634,1.642440981890707e-25,0.2208207296006387,26.87759954561736,0.0097638865272194,2.561207999197606e-21,0.0022444036828321,0.415420685193831,13.0838413729318,-0.0031954723124939,1.7975512422879518
BL-LL-CV01_EIS_STAIR_RT_05_CP_C03_01_PEIS_C04.mpt,12.0,9.194072931058203,13.538574421343103,0.002709852448941,0.3903277403285389,22.90533200627481,5.753652018489478e-09,2.273900461471604e-05,0.2093285877259592,0.0789924305809696,2.433252507608827e-06,0.0034707996735992,1.7875630226960852
BL-LL-CV01_EIS_STAIR_RT_05_CP_C03_07_PEIS_C04.mpt,1.0,3.754700842370585,9.808281950426268,0.0034002327824944,0.4955983640611903,29.903823015789524,3.417518063726872e-06,0.0059302847284057,9.659504582879406e-06,0.8835909969243404,3.544158637300914,-0.0099674741384192,2.0161990077365344
BL-LL-CV01_EIS_STAIR_RT_05_CP_C03_07_PEIS_C04.mpt,2.0,19.072799397929543,2.778539703858151,3.1202001858876523e-06,0.9958597718424128,14.63726055617362,7.705856903919237e-09,0.0034833548096015,0.0032828026459245,0.4698434038390051,10.965561804180368,-0.0103566677167346,2.037516586969657
BL-LL-CV01_EIS_STAIR_RT_05_CP_C03_07_PEIS_C04.mpt,3.0,8.63387902895841,17.995295422661343,0.0042078655828928,0.3162398761524033,22.81480733542957,2.1303934896998849e-07,1.2216008449450514e-21,1.7892296314319804,1.0,5.212486362686353,0.0019825777234455,1.2260084188244968
BL-LL-CV01_EIS_STAIR_RT_05_CP_C03_07_PEIS_C04.mpt,4.0,31.76184322240596,2.988818026938501,1.95279977018134e-06,0.9999999998488834,8.837969650113136e-06,0.2134100664415877,0.0073377873315805,0.0060976142656478,0.3614615362455048,15.69908997391501,-0.0070823700771899,2.448594150241628
BL-LL-CV01_EIS_STAIR_RT_05_CP_C03_07_PEIS_C04.mpt,5.0,12.10826129513614,20.26905076622983,0.8190048401026659,0.9880794866382612,26.196040445314203,1.3521727596840375e-10,2.020063049600065e-08,0.0157394809447881,0.1546022080092813,56.01569848344692,-0.0035692292708655,1.1595054893899864e-11
BL-LL-CV01_EIS_STAIR_RT_05_CP_C03_07_PEIS_C04.mpt,6.0,41.51812295746517,13.445364599464742,0.7021775063165859,1.0,15.681174655598904,0.0009197979929779,0.4351692669530857,0.0074955992282127,0.8619784608001075,22.636071510511258,0.0293629089757998,4.734606734560426
BL-LL-CV01_EIS_STAIR_RT_05_CP_C03_07_PEIS_C04.mpt,7.0,37.64952498238991,182.4280121511149,0.0357455653328762,0.7034432847370571,16.625215182951244,0.0004388079752496,0.4873598584989583,0.0078072662733829,0.8012400074243674,86.93816081603794,0.0767388567165787,0.8782829099076647
BL-LL-CV01_EIS_STAIR_RT_05_CP_C03_07_PEIS_C04.mpt,9.0,42.40221046200783,3470.997560376032,0.0059590016023077,0.7620238558006054,0.5131550551279491,1947.429658790112,0.3114067724813524,0.000361346816283,0.4999261120821185,19.77144355331363,-1.4950438492262694,6.372919451834464
BL-LL-CV01_EIS_STAIR_RT_10Cycle_C4_01_PEIS_C02.mpt,1.0,26.59330001630706,219.604438224892,0.0063982307642928,0.7100010655976675,90.10276285887504,6.401677087236764e-05,0.7026806802741019,0.0891927784839984,1.0,108.95138266183196,-0.7688347828542742,7.501697816160343e-36
BL-LL-CV01_EIS_STAIR_RT_10Cycle_C4_01_PEIS_C02.mpt,2.0,16.414516466424356,16.495946966762727,0.0001118069434737,0.5452137274201764,40.26799586912387,2.910012949116573e-05,0.9022512231048548,0.0085210523342589,0.5413509604927512,88.20397470035012,-0.0031976888360958,3.0881530923212988
BL-LL-CV01_EIS_STAIR_RT_10Cycle_C4_01_PEIS_C02.mpt,3.0,16.24538315287425,17.08893088272881,3.0773637876655486e-05,0.9836070466740584,13.964794111178724,0.000101733001239,0.5614700011281157,0.0121780478643345,0.3477942212520772,54.275582605217686,0.0106696413633669,2.4565729472830578
BL-LL-CV01_EIS_STAIR_RT_10Cycle_C4_01_PEIS_C02.mpt,4.0,2.762516347026348,8.667195347370695,4.859939729915869e-05,1.0,89.04309579299681,0.0074285792929131,0.1346651270581552,0.7922112918633729,0.9485601258068952,15.530642422912008,-0.0081770462140442,5.787962974591756e-13
BL-LL-CV01_EIS_STAIR_RT_10Cycle_C4_01_PEIS_C02.mpt,5.0,7.791980661875055,6.336841939442457,6.820374103061523e-05,1.0,52.61276380792059,0.0051777158910106,0.1863063879965366,0.5619212748048635,0.8707389389389022,17.981373673122512,0.0123387431548154,0.1390215204259595
BL-LL-CV01_EIS_STAIR_RT_10Cycle_C4_01_PEIS_C02.mpt,6.0,8.522017290452375,5.21593290675454,8.712648295126796e-05,1.0,43.156439857604745,0.0045788256728781,0.2060990553150237,0.5868358639493463,0.8618006977172186,16.70345013794507,0.0152547510133172,0.3171312773454467
BL-LL-CV01_EIS_STAIR_RT_10Cycle_C4_01_PEIS_C02.mpt,7.0,9.860224109493403,37.99472931988685,0.0044874944749022,0.2176007006012791,13.54729954863997,0.7431356877884022,0.8857088349116957,0.0001047824494276,1.0,4.391016836637236,0.0204211489861267,0.6566375266510719
BL-LL-CV01_EIS_STAIR_RT_10Cycle_C4_01_PEIS_C02.mpt,8.0,10.322781670386744,3.6240587609821935,0.00012314909128,1.0,13.707385697951985,0.839962592707637,0.8921465391487953,0.0049402318253652,0.2166283450206372,36.19900453035397,0.0258290530661776,0.69105995312742
BL-LL-CV01_EIS_STAIR_RT_10Cycle_C4_01_PEIS_C02.mpt,9.0,9.674957496357347,23.212271453862744,0.6290228356831495,0.8422984588123487,39.063267254386886,0.0063944226780179,0.194528851114365,0.0001376319480231,1.0,2.919528738847624,0.0238960513576865,2.037284795155346e-11
BL-LL-CV01_EIS_STAIR_RT_10Cycle_C4_01_PEIS_C02.mpt,10.0,4.08364888765467,6.598559182848814,1.9903679469147568,1.0,22.208218502394622,0.0676205402682354,1.6687956051959196e-21,0.0040003335295219,0.2749916021102255,32.09768857425787,0.0302623306398256,1.5179065476856128
BL-LL-CV01_EIS_STAIR_RT_10Cycle_C4_01_PEIS_C02.mpt,11.0,12.789643318476145,21.92701819624936,0.0032695951794907,0.2696583233774202,3.9241031368863033,0.0086484680586705,1.0,0.0001310587187719,0.9999999999999852,3.014139487946076,-0.0047819994461806,2.720370157107169
BL-LL-CV01_EIS_STAIR_RT_10Cycle_C4_01_PEIS_C02.mpt,12.0,15.532476078986832,5.687724824252048,1.453005930289475,0.8805654441198086,20.595987414748137,0.0020761071585894,0.3614361593253689,0.0096520404899563,1.0,4.397913468996477,0.0376429029570529,2.002991078501072
BL-LL-CV01_EIS_STAIR_RT_10Cycle_C4_07_PEIS_C02.mpt,1.0,9.038054938770154,3.005529124280512,8.418391622419442e-09,0.999999999977566,27.38788624164357,0.0042084347453482,0.2540859549041969,0.0180345257069127,1.0,1.8618866759146049,-0.0112371820868747,2.9533081376517045
BL-LL-CV01_EIS_STAIR_RT_10Cycle_C4_07_PEIS_C02.mpt,2.0,14.640432334040296,11.145712152958124,0.5452051453648749,0.8157593328933814,22.12722794907524,0.0027146868456894,0.3277338549737679,0.0140319732757593,1.0,2.8037882771637337,0.0670251232992145,1.909438855495634
BL-LL-CV01_EIS_STAIR_RT_10Cycle_C4_07_PEIS_C02.mpt,3.0,2.149786337477128,16.325558796487343,0.0387269280382811,4.34983833225083e-24,32.28373345670375,0.0057517462103569,0.2291591193793841,0.9486518637772096,0.9901474997800142,7.932720223142299,0.0601170056887256,2.1939060971985125
BL-LL-CV01_EIS_STAIR_RT_10Cycle_C4_07_PEIS_C02.mpt,4.0,2.309105041730139,61.61179310206251,0.0102221017654146,0.1091516560798976,1.9189341673051887,0.0001711383642178,1.0,0.8469819497744977,1.0,9.31873334961287,0.0883847980310225,2.025974956145143
BL-LL-CV01_EIS_STAIR_RT_10Cycle_C4_07_PEIS_C02.mpt,5.0,13.377612702022256,3.4359638520380327,0.0154321897775474,1.0,28.4632571179164,0.0031912522819179,0.281273226334005,0.1367692573622801,0.7128977910041786,36.764741803181046,0.1404768519744882,1.5880729742184665
BL-LL-CV01_EIS_STAIR_RT_10Cycle_C4_07_PEIS_C02.mpt,6.0,13.036187001439927,5.763951927009212,0.0129196255639223,1.0,28.61388842640566,0.0026476551807871,0.2895019474744116,0.0587043873424194,0.6849082422130781,44.56085243546303,0.1827695545985499,4.017075698934097
BL-LL-CV02_EIS_STAIR_RT_01_PEIS_C02.mpt,1.0,6.791537360135933,370.2280030766899,0.0066665132186042,0.7309788707376105,19.959620881168263,0.0002204090543068,0.5410796903114128,0.075719339053178,1.0,207.5836590389026,-705.2015533679364,
BL-LL-CV02_EIS_STAIR_RT_01_PEIS_C02.mpt,2.0,6.787565684222347,41.22625111142317,0.0068948199039537,0.8026673344147971,19.884581890218783,0.0003290784280899,0.4977595435199342,0.1482318740122602,0.7583470262340885,47.33179399283664,-0.2277277450926733,5.099233830253545e-22
BL-LL-CV02_EIS_STAIR_RT_01_PEIS_C02.mpt,3.0,6.43781780591736,13.649707651066848,0.0070722283847274,0.8737774369731959,20.565163963789384,0.000543154284399,0.4499704720231031,0.2107100914006849,0.6652565863915577,32.61903164009214,-0.1538238275240485,2.6778162223288054e-18
BL-LL-CV02_EIS_STAIR_RT_01_PEIS_C02.mpt,4.0,5.749684793488053,6.245346420137564,0.0088471828889605,0.859421700479673,20.080216045742485,0.0006936220662115,0.4278677763083304,0.4026625965032693,0.760208544509464,16.056231885819713,-0.1622965599763507,0.4740642892563607
BL-LL-CV02_EIS_STAIR_RT_01_PEIS_C02.mpt,5.0,6.505908880380527,3.913479437677197,1.8000662269324228e-06,1.0,18.305938501260705,0.0036260652385705,0.3677063306744302,1.168238874578288,0.97057406324197,6.081067387629825,-0.059943726192861,0.9874066087079534
BL-LL-CV02_EIS_STAIR_RT_01_PEIS_C02.mpt,6.0,1.4544492507035665,9.237225447641151,0.2491366132206628,3.2625215178568064e-30,21.795801049232203,0.0020173040761082,0.3310813389323032,1.3272527604790303,0.9829076963834802,5.660575067902145,-0.2072348701890612,0.9092660971738634
BL-LL-CV02_EIS_STAIR_RT_01_PEIS_C02.mpt,7.0,1.8168801664991063,9.215629177650946,0.2039479329821126,9.302858216407748e-34,19.24823152021225,0.0018484111213157,0.3513000624845094,1.3682015120897202,0.9706772269335318,5.759892316313744,-0.1576286065311969,0.8486216195378488
BL-LL-CV02_EIS_STAIR_RT_01_PEIS_C02.mpt,8.0,1.4305263691151335,8.986735460849355,0.1339489513065147,5.107286769731236e-34,17.474801516059575,0.0018373815885009,0.3605618060454021,1.7443121744742711,0.9942778358115786,4.873081226944577,-0.1239033379437876,0.960388611966052
BL-LL-CV02_EIS_STAIR_RT_01_PEIS_C02.mpt,9.0,1.2389696054582815,7.435573850401047,0.09524895883496,3.4003567228080435e-34,16.441748233254025,0.0020173404175,0.3566724371683089,2.116201858520423,1.0,4.4759499024454215,-0.1116549933948019,1.023645113384711
BL-LL-CV02_EIS_STAIR_RT_01_PEIS_C02.mpt,10.0,1.4873898006796031,8.214505827643132,0.1242951043645364,6.527626832931645e-34,15.905160442525084,0.0024232232106642,0.3439862851965384,2.5025251185478603,0.9987191097209676,4.354315392484186,-0.105706040860565,1.077906995946137
BL-LL-CV02_EIS_STAIR_RT_01_PEIS_C02.mpt,11.0,1.738584561892372,8.705038779543969,0.1693541341377302,6.002190174267747e-34,15.951221623178457,0.0029588632992856,0.3257136324801912,2.3868402132326256,0.9674441711603242,4.954906090754037,-0.1112290378208544,1.0194803744659902
BL-LL-CV02_EIS_STAIR_RT_01_PEIS_C02.mpt,12.0,1.6145237047484184,8.887469039533489,0.1950145204412465,1.3114072340451265e-33,16.385340908142304,0.003563546084053,0.3036101802246224,1.9352480258212763,0.9112493535484366,6.69982493763108,-0.122946196193148,0.8983276026723727
BL-LL-CV02_EIS_STAIR_RT_10Cycle_C4_01_PEIS_C03.mpt,2.0,19.60821449585615,106.06699158036004,0.1358141153118493,1.0,60.65492024831802,0.0001359314541335,0.5997067526356222,0.007402992499963,0.6603900970525995,161.22995468495313,-0.1765018913836012,9.854505242166633e-38
BL-LL-CV02_EIS_STAIR_RT_10Cycle_C4_01_PEIS_C03.mpt,3.0,18.96069885389177,68.87395023880474,0.0589647070493752,0.6504470709474367,62.1856616755667,0.0001753917453743,0.5708458213188677,0.0072187803583857,0.8158187945081817,44.17966884569471,0.0304696832413861,1.6093686025561257e-21
BL-LL-CV02_EIS_STAIR_RT_10Cycle_C4_01_PEIS_C03.mpt,4.0,8.630472321288327,24.001646994083845,4.897868194303637e-05,0.5147248696680168,34.96286549238736,2.869137587086198e-05,0.8936876721896838,0.0074624944598573,0.5805876282635829,49.63095017530286,-0.0054341050199159,2.484825491050297
BL-LL-CV02_EIS_STAIR_RT_10Cycle_C4_01_PEIS_C03.mpt,5.0,8.212474843189986,34.94429350458122,0.0091282939973064,0.5303832859831206,23.94962864650446,6.18024612626445e-05,0.4966173827856319,3.158597705415706e-05,0.8980769123467868,31.18337654365844,0.0074793459998898,2.205840249718462
BL-LL-CV02_EIS_STAIR_RT_10Cycle_C4_01_PEIS_C03.mpt,6.0,7.588228947646437,26.21493973425597,3.296969875904088e-05,0.9170391086150358,23.90250729424612,8.76822103828507e-05,0.4681145912850518,0.0116398281773414,0.4230357062981653,32.09002116075676,0.0077911535466679,2.045150004878161
BL-LL-CV02_EIS_STAIR_RT_10Cycle_C4_01_PEIS_C03.mpt,7.0,6.978578402306024e-06,4.170479475809462,1.94153708894413e-06,0.8823996256980463,79.12718913104969,0.0066194866014954,0.1467980890568699,3.087816989624228e-05,0.9727068195491106,18.69040191042849,0.0311746687322831,1.5694771274735473
BL-LL-CV02_EIS_STAIR_RT_10Cycle_C4_01_PEIS_C03.mpt,8.0,4.831845416561418e-07,19.514857805036872,4.15773104144622e-05,0.9333793320830384,6.679243245345789,1.1473158612123224e-05,0.7126672504412407,0.0089971576160112,0.1343375742089905,70.32067019623975,0.0241126550929499,1.782131455352631
BL-LL-CV02_EIS_STAIR_RT_10Cycle_C4_01_PEIS_C03.mpt,9.0,4.295348127751434e-22,19.855467955644308,5.243738332305511e-05,0.9042289236243592,8.300149710678813,2.185189688883908e-05,0.6488218773020639,0.0124513249575268,0.1167248027016734,68.72689579740575,0.0065907124179098,1.948011468359158
BL-LL-CV02_EIS_STAIR_RT_10Cycle_C4_01_PEIS_C03.mpt,10.0,7.754852589343521e-07,16.971655148460123,5.119153230256645e-05,0.9310898001399182,3.844608351172037,5.5365787480665455e-06,0.8146891667624651,0.0056770577521421,0.1484575608564667,54.627359750400856,0.0292993822490537,2.4044519027950835
BL-LL-CV02_EIS_STAIR_RT_10Cycle_C4_01_PEIS_C03.mpt,11.0,9.33156910362415e-13,15.189908673616772,5.3495005279943294e-05,0.9430676330344044,2.007304095567696,9.219682265137322e-07,0.9999999999999996,0.0041958085833579,0.1641366482831393,51.62532909391617,0.0324009948254125,2.5993651863240173
BL-LL-CV02_EIS_STAIR_RT_10Cycle_C4_01_PEIS_C03.mpt,12.0,4.260447632612348,13.706611701595635,5.5189373776893005e-05,0.9555364544385048,2.1128262923516363,7.771274688666203e-07,0.9999999999994892,0.0039564480762195,0.1994610086377792,43.22098213774382,0.0511921634348153,2.7141672470794966
BL-LL-CV02_EIS_STAIR_RT_10Cycle_C4_07_PEIS_C03.mpt,1.0,1.4930355675558784e-29,16.957870266596895,7.337899843303982e-05,0.9000972915760571,8.218049522150423,2.671913476660125e-05,0.626290360778529,0.0165356189642033,0.0988649914670566,76.5027308567386,0.0032627567623078,2.428075687822141
BL-LL-CV02_EIS_STAIR_RT_10Cycle_C4_07_PEIS_C03.mpt,2.0,7.833707634270803,19.609684563630523,7.577872705804045e-05,0.8820704066800115,13.17886755364855,4.088291257416061e-05,0.5673128071571572,0.0424039561216858,0.1391600432363042,12758865.392665146,0.0557416950670934,1.211234204825692
BL-LL-CV02_EIS_STAIR_RT_10Cycle_C4_07_PEIS_C03.mpt,3.0,8.407602452499882,19.37319965203796,6.179289933421347e-05,0.9077275707681396,16.586718401700278,5.250032017430838e-05,0.5278750628748726,0.0325126007230179,0.2242195652531334,181.5280750989941,0.0595288955515231,1.4426626697628829e-36
BL-LL-CV02_EIS_STAIR_RT_10Cycle_C4_07_PEIS_C03.mpt,4.0,7.217373516428361,20.46068264520349,4.834015802486695e-05,0.9258677828259692,22.62396761789263,0.0001005721498161,0.4599455905078385,0.0173048174220281,0.4139496615481051,57.54256896351117,0.0464905672857846,0.9413401749031876
BL-LL-CV02_EIS_STAIR_RT_10Cycle_C4_07_PEIS_C03.mpt,5.0,8.926051266730187,26.200122879372064,4.289509966048359e-05,0.9002913668924641,24.79658444417136,0.0001148321297254,0.4469416580942236,0.0092021901230718,0.6045435196811463,55.9049673224782,0.0450034214423907,2.0167622564316163
BL-LL-CV03_EIS_STAIR_RT_01_PEIS_C03.mpt,1.0,4.939389229264334,139.8285102611112,0.0091125316798959,0.81278013477541,18.43189536006493,0.0003754875491001,0.4781614941318477,0.0170303973973578,0.7529445530383547,344.7999343815698,-0.0746142748822373,4.453920858026351
BL-LL-CV03_EIS_STAIR_RT_01_PEIS_C03.mpt,2.0,2.1581082011342825,19.08175558128141,0.0006132070573596,0.4189745243534226,35.91018532922246,0.0069494483838299,0.8247430667101436,0.1375310899572861,0.7172007933373391,47.30551708944751,-0.4641823333235961,5.0342091134781495e-22
BL-LL-CV03_EIS_STAIR_RT_01_PEIS_C03.mpt,3.0,1.4414588923647234,21.074991514896865,0.0010470368689615,0.3642188862394078,12.182511785103502,0.007123834302016,0.8920641258434933,0.2901484659473483,0.7112638031275414,20.155433668864003,-0.4051018604938015,0.6302350266312013
BL-LL-CV03_EIS_STAIR_RT_01_PEIS_C03.mpt,4.0,3.2919661374929703,4.298965287100107,1.9030685198283744e-06,0.9626349514361084,24.33846010741493,0.0086226628101039,0.2782786265703818,1.2740756541618774,1.0,7.528869460276025,-0.1515220669801297,0.633103370816986
BL-LL-CV03_EIS_STAIR_RT_01_PEIS_C03.mpt,5.0,4.226917851187077,3.970419757666421,1.09165644950905e-06,0.99999999999999,16.611727694314425,0.0043207241260476,0.3659912444242975,1.0050651072712935,0.93408384461168,7.155750193952933,-0.0921653686761178,0.7594985150390546
BL-LL-CV03_EIS_STAIR_RT_01_PEIS_C03.mpt,6.0,4.784494318385611,4.131879771604868,9.729943317686777e-07,0.9999999999999992,13.082543932263684,0.0027625384060337,0.4438264072418447,0.9048575702369864,0.8863846977354444,7.310239920088278,-0.0547220474106448,0.7430188419373187
BL-LL-CV03_EIS_STAIR_RT_01_PEIS_C03.mpt,7.0,1.0836809211246137,10.399800481734884,2.258345490525304,3.164139622909757e-32,20.081812046033686,0.0027119126750377,0.2965252402573298,0.7691936424796294,0.848075459773154,11.96251309926423,-0.2543472438542532,0.1803954735716718
BL-LL-CV03_EIS_STAIR_RT_01_PEIS_C03.mpt,8.0,4.950286868325351,9.876809043140408,0.0019134380302526,0.5243522657910467,4.080432780204235,1.11152378467145e-06,0.986493286277234,1.5358740780369844,0.9500447354028152,4.590728311702616,-0.0375384458379906,1.0523398814714913
BL-LL-CV03_EIS_STAIR_RT_01_PEIS_C03.mpt,9.0,1.4692334089358654,6.049749997201217,1.8936852835153013,1.04836075245316e-28,17.614076869053456,0.0031975345918658,0.2957276977823426,0.6926082663650379,0.7943987878981201,17.437797655159304,-0.2035899641388871,5.5758751904999165e-21
BL-LL-CV03_EIS_STAIR_RT_01_PEIS_C03.mpt,10.0,4.851037523803562,9.41105452249644,0.0027254525888543,0.4903872886252993,3.371737697321533,1.0959869930588814e-06,1.0,2.677077255736435,1.0,3.483134054488031,-0.0267219510579198,1.2024371640800686
BL-LL-CV03_EIS_STAIR_RT_01_PEIS_C03.mpt,11.0,4.759337924256844,9.577181365714182,0.0035516890048068,0.460792385693099,3.17067155655018,1.1497544223363509e-06,1.0,2.7422801492252087,0.9909743076585912,3.828993752364657,-0.0330936209929744,1.1612569700264166
BL-LL-CV03_EIS_STAIR_RT_01_PEIS_C03.mpt,12.0,4.665430657599031,10.448691344605274,0.0051350833621317,0.4149647200422141,2.995408090814916,1.1741440371477891e-06,1.0,0.5970580589804575,0.7103776687578089,26.16152933246424,-0.035395412510804,1.0708981861959179e-10
BL-LL-CV03_EIS_STAIR_RT_07_PEIS_C03.mpt,1.0,4.735111198173441,3.413186694061883,1.1206204429863175e-06,0.9829460958926012,9.611920177640544,0.0040502354646191,0.4534264544794859,2.7188249944510487,1.0,3.09589736616023,-0.0052670980474209,1.3214213004549549
BL-LL-CV03_EIS_STAIR_RT_10Cycle_C4_01_PEIS_C04.mpt,2.0,6.914055397576126,11.813944638395094,6.901339034693579e-06,0.754231904346537,63.539832411265984,3.587426946343601e-05,0.7909133055707899,0.0078104681103526,0.5186443720364536,136.4205806660184,-0.2377223388589739,2.691785368577679
BL-LL-CV03_EIS_STAIR_RT_10Cycle_C4_01_PEIS_C04.mpt,3.0,1.11848447683131e-12,9.798711322345708,11219.23213432628,0.113804749200876,32.50703057528745,1.6553501223273297e-05,0.960559199859874,0.0049792941870876,0.204640326331286,172.83420497977698,-0.6186379305847126,8.173728030768703e-20
BL-LL-CV03_EIS_STAIR_RT_10Cycle_C4_01_PEIS_C04.mpt,4.0,6.683726797511343,9.927412030501662,7.904409320409158e-06,0.7581152361819907,43.85454633229766,3.125463285943878e-05,0.8496984799974376,0.0065298133960299,0.3426756419164496,65.09953563266066,-0.1434091713103774,1.557821759680382
BL-LL-CV03_EIS_STAIR_RT_10Cycle_C4_01_PEIS_C04.mpt,5.0,2.888900445040853e-10,27.109643927928275,2.5970668813957003e-05,0.9451733978685404,11.964491962088724,0.9469410603499504,0.9935067001025052,0.0036185699168372,0.2262047555392682,87.27322289868437,-0.369137632160333,2.3919761277418878e-17
BL-LL-CV03_EIS_STAIR_RT_10Cycle_C4_01_PEIS_C04.mpt,6.0,2.021820812078529,4.233097709225928,7.714554585024456e-07,1.0,37.10842186910547,6.072843081427219e-05,0.7973135807249807,0.0139982464877092,0.1588299389715793,82.88927858171165,-0.1627109716791596,1.5119682837405264
BL-LL-CV03_EIS_STAIR_RT_10Cycle_C4_01_PEIS_C04.mpt,7.0,2.0461463957827665e-11,21.34473874029748,3.5152591299466115e-05,0.9455220774558686,63.16418977342081,0.0031522879796705,0.234578751457861,0.375625576924098,0.8197059998553873,21.52430388840776,-0.2851179857001377,5.224532890710883e-23
BL-LL-CV03_EIS_STAIR_RT_10Cycle_C4_01_PEIS_C04.mpt,8.0,1.7063947516091251,19.0847299685414,4.013180295599005e-05,0.9463767006942,53.86271311419915,0.0027506215433104,0.2574692814784605,0.2979846255543376,0.7590415939348325,26.67534178924505,-0.2860345554698876,0.0015141197204457
BL-LL-CV03_EIS_STAIR_RT_10Cycle_C4_01_PEIS_C04.mpt,9.0,1.1684555272267925,17.85662988641064,4.148883662089058e-05,0.9531081929222788,52.7030777981858,0.0030971130660153,0.2419532746045208,0.3321064812070066,0.7740523182862499,27.5506624409099,-0.2218742169315118,1.0836173030462309e-15
BL-LL-CV03_EIS_STAIR_RT_10Cycle_C4_01_PEIS_C04.mpt,10.0,1.5138404118196531,16.37875408763784,4.179502940393476e-05,0.9656849684048988,50.92023713874168,0.0032224646448296,0.2431098953954123,0.3492684408579338,0.7665142819713141,29.818234571881373,-0.2007430777939011,2.472850718672685e-12
BL-LL-CV03_EIS_STAIR_RT_10Cycle_C4_01_PEIS_C04.mpt,11.0,1.6512432875254743,14.920782583694542,4.210630484505825e-05,0.9782154838023857,49.99963701764669,0.0034309951081288,0.2412089411022857,0.3766626939447621,0.7789859244334516,29.70381963585548,-0.1975670160024277,2.5401137828209332e-08
BL-LL-CV03_EIS_STAIR_RT_10Cycle_C4_01_PEIS_C04.mpt,12.0,1.6216214708446233,14.136263491124874,4.359163593012576e-05,0.983017623419572,26.1518971333117,0.4444310623227468,0.8199932686921201,0.0036987329746893,0.2365648273856505,49.75029670095287,-0.1860838238988836,1.2607740573297835e-09
BL-LL-CV03_EIS_STAIR_RT_10Cycle_C4_07_PEIS_C04.mpt,1.0,1.5417151925239772e-18,14.283287208584186,4.506876458540705e-05,0.9904687947688936,34.17907435071563,0.2471162689631017,0.6967067683404365,0.0044177731355541,0.2060119115521224,56.848256243899975,-0.1274676845212465,6.570939879586846e-23
BL-LL-CV03_EIS_STAIR_RT_10Cycle_C4_07_PEIS_C04.mpt,2.0,0.5546977254724754,15.926482863928474,4.18451887667487e-05,0.9863261626906784,52.46059264423603,0.0033793953993217,0.2271331369156116,0.0775659038537714,0.4778896648193265,54.11678521738697,-0.1848452595453776,4.064869875501086e-49
BL-LL-CV03_EIS_STAIR_RT_10Cycle_C4_07_PEIS_C04.mpt,3.0,7.648927049409305,32.21467364185068,5.6275520354300914e-05,0.8372888442077491,14.330112915095736,4.751801454680973e-05,0.6019506470175308,0.0148094952997276,0.4576660474504103,59.784722913029285,-0.057082894111847,0.8666770744521988
BL-LL-CV03_EIS_STAIR_RT_10Cycle_C4_07_PEIS_C04.mpt,4.0,8.176169902126361,12.008720554998462,1.6035411015486973e-05,0.6855643698556216,51.74719253201185,4.671234286649054e-05,0.7885014339930283,0.0071469618115109,0.6313940540087495,51.19215592575088,-0.0568058747630069,1.5232834994079016
BL-LL-CV03_EIS_STAIR_RT_10Cycle_C4_07_PEIS_C04.mpt,5.0,8.467768837152647,11.270665932543276,7.056897247731472e-06,0.7475528263891658,59.31429708682937,4.118276040082607e-05,0.7854457074133178,0.0054966061851733,0.6921223983372655,60.07809031616208,-0.0558320122590721,1.8221381889765245
BL-LL-CX02_EIS_STAIR_RT_01_PEIS_C02.mpt,1.0,22.71507039355552,163.65381450005466,0.002516353840477,0.7229339873261665,28.033672821968647,0.006142063346937,0.3234594884058604,0.013756148202905,0.9626682849183452,88.55534962103987,-0.3310382942855768,75.86478998939404
BL-LL-CX02_EIS_STAIR_RT_01_PEIS_C02.mpt,2.0,21.0001475323028,0.2715866900752913,4.476424654793647e-12,0.1480373592912454,41.99584093730904,0.002070235321117,0.4578621405347767,0.0047960648944341,0.932733329605552,23.32455057306254,-0.0288714170961235,4.966220277501343
BL-LL-CX02_EIS_STAIR_RT_01_PEIS_C02.mpt,3.0,20.658367288487447,0.0012236534622345,51.04508670922864,2.8558090219193883e-22,7.536653778673093,4.8021858041419423e-05,0.8029655750574847,0.001500873098479,0.6406331961291702,37.60208905539178,0.0022620284434369,3.093039426426119
BL-LL-CX02_EIS_STAIR_RT_01_PEIS_C02.mpt,4.0,2.6881588965151364,17.689224775034244,6.348507791126861e-07,5.240554271591451e-05,7.425321829010436,4.026792311376689e-05,0.8161578931928365,0.0010909402319713,0.6901533463903894,29.88000857459681,0.0027074770644986,2.798626781745886
BL-LL-CX02_EIS_STAIR_RT_01_PEIS_C02.mpt,5.0,2.6790086815102434,17.69799894402743,2.443688305288744e-09,0.0001120296739606,7.194459215866534,3.651747722565558e-05,0.825662952247517,0.000941740499879,0.7111058646104045,27.204679588171697,3.415645029667402e-05,2.6955238446764147
BL-LL-CX02_EIS_STAIR_RT_01_PEIS_C02.mpt,6.0,0.0046784726542377,20.33218540666095,8.912913116026149e-06,7.9321421178212845e-19,7.053341499783097,3.719282217043063e-05,0.8247197532462668,0.0008617867130159,0.7263979971377392,26.075704784066968,0.0153554235878186,2.8009183713475547
BL-LL-CX02_EIS_STAIR_RT_01_PEIS_C02.mpt,7.0,2.6520355841205943,17.694057696796882,7.224719417889562e-05,1.7527334300826184e-32,6.941011476619202,3.993496548275094e-05,0.8202653885635298,0.0008243345961233,0.7385368825478854,25.066469955728834,0.0233102840339006,2.9709727694253454
BL-LL-CX02_EIS_STAIR_RT_01_PEIS_C02.mpt,8.0,2.5123555161233724,17.61229929367454,5.898647800721588e-07,0.0048668399733225,8.247797285890774,0.0001149481171267,0.7196049611341936,0.0008352875830377,0.767579576336299,22.927060287874387,0.0134423531088702,3.151993225151357
BL-LL-CX02_EIS_STAIR_RT_01_PEIS_C02.mpt,9.0,4.041904797378624,16.222206997017302,1.3751303877320104e-05,6.8500166393104494e-18,6.67836432194081,4.70899309111678e-05,0.8074228248453869,0.0008857635704414,0.7374434573054361,24.13247557002901,0.0356898734490055,3.2426041294878867
BL-LL-CX02_EIS_STAIR_RT_01_PEIS_C02.mpt,10.0,7.245742644295758,12.892641130094043,3.0059282933581147e-05,1.7489111308286473e-30,6.249206189963106,4.4279055950719305e-05,0.8147217144738794,0.0009818862417652,0.7208995971650135,24.111326934506263,0.030454725670958,3.1490652870661897
BL-LL-CX02_EIS_STAIR_RT_01_PEIS_C02.mpt,11.0,4.756505964836459,15.331223990332608,5.702083684387081e-05,1.3627290813891067e-31,5.9237394880078975,4.555733947684158e-05,0.8153951164051844,0.0010790650426753,0.7078487305405403,24.20671617928941,0.0225435246590139,3.1367508941701545
BL-LL-CX02_EIS_STAIR_RT_01_PEIS_C02.mpt,12.0,3.961585057794753,16.009863837951443,9.589739258507538e-05,1.8568414665797808e-31,5.715370995125829,4.6938792195114734e-05,0.8147147544881073,0.0011688469617681,0.6969431573931218,24.47678368175212,0.0226809102352073,3.1390299278216194
BL-LL-CX02_EIS_STAIR_RT_07_PEIS_C02.mpt,1.0,2.418033918499239,17.080797782130407,2.979495276418929e-06,2.734216855833553e-05,6.145729615170899,7.170945212638039e-05,0.750151152608992,0.0015108029001061,0.6387400119334516,30.240271566843155,0.0006153225600513,2.9921606456583345
BL-LL-CX02_EIS_STAIR_RT_07_PEIS_C02.mpt,2.0,3.155221173844985,16.742598127746614,2.640614189023103e-07,3.603957218873706e-07,5.590437182379626,2.8214782428810013e-05,0.8468196200807344,0.0015041741181869,0.6159642999988709,34.51311480765513,0.0088298675218317,2.7643640705062484
BL-LL-CX02_EIS_STAIR_RT_07_PEIS_C02.mpt,3.0,2.995586771491403,17.049844959417705,3.505960225250346e-09,4.8387062968884e-05,6.269637061019733,3.656806106372469e-05,0.812910333907419,0.0016041864130551,0.597077751867696,38.963606480934544,0.0038892570928425,2.9420003982100624
BL-LL-CX02_EIS_STAIR_RT_07_PEIS_C02.mpt,4.0,0.0192922644948266,20.15752356337861,3.89582316312374e-06,8.330603272169078e-21,7.414855325801704,7.701267751826899e-05,0.7358379207112097,0.0019574142119523,0.5672300906552328,47.293653724005786,0.019666008899847,3.321810125867854
BL-LL-CX02_EIS_STAIR_RT_07_PEIS_C02.mpt,5.0,20.61133300984825,7.449986809008902,3.497071130507774e-05,0.7966603304407158,31.8662223906352,0.0010158139459902,0.6516602612527219,0.0055079854471365,0.8981709359343883,29.074576086804,0.0280573347593956,5.681159946349905
BL-LL-CX02_EIS_STAIR_RT_07_PEIS_C02.mpt,6.0,19.63277565281438,0.0075204076786234,8.900485620625397e-06,0.0653828263535991,55.933141066043525,0.0035067126286136,0.3643360708008952,0.0070173949617696,0.7839332123944104,83.1255315001297,-0.1822487864234555,12.445214970834153
BL-LL-CX02_EIS_STAIR_RT_07_PEIS_C02.mpt,7.0,21.0512904429596,22.817628579809675,0.0007475717542988,0.7831427543746128,10.423431925899132,0.0001777827530457,0.6429887271787063,0.0070816745236788,0.7585576373313013,293.6093831461823,-0.517773194160932,42.13766370835924
BL-LL-CX02_EIS_STAIR_RT_07_PEIS_C02.mpt,8.0,21.10586458539292,53.65533344161082,0.0030560500270105,0.4647666103063115,3.558512222439901,1.4017921718506191e-05,0.9201496446271792,0.0088332455462025,0.8958282246519069,188.060361785852,0.3908286787916321,48.29474245717869
BL-LL-CX02_EIS_STAIR_RT_07_PEIS_C02.mpt,9.0,21.169845639514417,54.95420528942466,0.0027940030742377,0.5025855670274987,4.804984714967157,2.508279586806653e-05,0.8503598442421879,0.0082687483596499,0.8697362317451831,174.77920172982826,0.3317031501538615,51.108744779281416
BL-LL-CX02_EIS_STAIR_RT_07_PEIS_C02.mpt,10.0,21.111020158580622,69.25406644026383,0.0032123494870599,0.4979525592805084,5.440495572999094,3.908044351502516e-05,0.8058336004549536,0.0083936957152626,0.8819379898955533,158.3543024710228,0.2890317228456486,56.32419794986063
BL-LL-CX02_EIS_STAIR_RT_07_PEIS_C02.mpt,11.0,20.99246515960858,81.6774510648551,0.0033223137060931,0.5136989721697439,6.642202160871335,7.948862727759756e-05,0.7322450850287527,0.0081159667809232,0.8812830620854478,155.21067987922385,0.2317090378456526,59.34995554231972
BL-LL-CX02_EIS_STAIR_RT_07_PEIS_C02.mpt,12.0,20.75152782669316,92.5682946400444,0.0032976253748296,0.5423187213838545,8.778613751357375,0.0002488330893846,0.6173163904437654,0.0080462437103589,0.889084655300342,152.84806260720754,0.1867831326559459,62.19500247521307
BL-LL-CX02_EIS_STAIR_RT_10Cycle_01_PEIS_C02.mpt,1.0,58.14915343895359,4599.271748142546,0.0081849734894043,0.9995882106033546,1585.0692623670984,0.0039604841712726,0.1891865416651954,0.0010138895660049,0.5201088311396149,4096.41525596129,-7.818400794012181,
BL-LL-CX02_EIS_STAIR_RT_10Cycle_01_PEIS_C02.mpt,2.0,101.55113416513232,165.8117471211808,0.0002869891775401,0.3958041009849662,155.0825510630077,1.4151837045090291e-09,0.751167491497261,0.0015863510826786,0.920177447803306,172.54758065499527,-0.0002240776650227,22.49111860060492
BL-LL-CX02_EIS_STAIR_RT_10Cycle_01_PEIS_C02.mpt,3.0,78.92301684517055,139.67748735921043,0.0001656228835074,0.4439229978318731,11.036983803544256,4.6583529414409563e-07,0.99999999999962,0.0015321281559864,0.8721269628586122,210.84580030542665,0.0921596021358974,12.971542690218362
BL-LL-CX02_EIS_STAIR_RT_10Cycle_01_PEIS_C02.mpt,4.0,27.23416023491605,147.7656099499983,0.0001228453475661,0.439151445035365,152.40685311984055,0.010469074663109,2.8564262709207185e-05,0.0015449905974809,0.8158614170259337,258.48086201745343,0.0232041372603973,10.11390743581831
BL-LL-CX02_EIS_STAIR_RT_10Cycle_01_PEIS_C02.mpt,5.0,43.76466970300636,22.466857808136417,0.0006412637394628,5.1556699173824975e-20,158.16065435556808,0.0001329083019653,0.4249443125427805,0.0014143490192266,0.8577757926229491,291.4569896100844,0.0976310087620688,8.118797685380798
BL-LL-CX02_EIS_STAIR_RT_10Cycle_01_PEIS_C02.mpt,6.0,36.469157859840365,18.94043344841021,6.23699413178926e-10,5.9704881231165374e-05,164.1464431524981,0.0001315382980301,0.4215449120374321,0.001380713114314,0.8638306511149011,310.19909125338825,0.1169297642760575,8.30719282321686
BL-LL-CX02_EIS_STAIR_RT_10Cycle_01_PEIS_C02.mpt,7.0,31.76904902460773,24.0004704466914,0.0006847743840585,1.837057000714258e-17,167.54913804821825,0.0001259522201383,0.4246892935377181,0.0013415238062464,0.8615574046102571,313.3812383682144,0.1005999958088113,8.832337011309125
BL-LL-CX02_EIS_STAIR_RT_10Cycle_01_PEIS_C02.mpt,8.0,31.41451609553132,23.336028984260924,0.0001780259044771,1.4510394606734693e-19,170.93222657693826,0.0001228718473267,0.4264479446512591,0.0013088188905664,0.8615017992944182,312.1909956128319,0.145291381606683,7.4287621868691955
BL-LL-CX02_EIS_STAIR_RT_10Cycle_01_PEIS_C02.mpt,9.0,44.991823071803175,9.574352183393753,5.601414801657866e-05,1.378647498100244e-15,174.3263941857023,0.0001203951725004,0.427611578651735,0.0012787237702187,0.8636643687207185,308.13242087007984,0.1488502519322213,7.507893509884948
BL-LL-CX02_EIS_STAIR_RT_10Cycle_01_PEIS_C02.mpt,10.0,20.6904787564267,34.61263587628052,2.331047775083866e-09,0.8527243220371824,177.4190078447202,0.0001170948579404,0.4322120178442923,0.0012511623996046,0.8720333804661096,298.6267317644102,0.1327913094755257,8.74639575683622
BL-LL-CX02_EIS_STAIR_RT_10Cycle_01_PEIS_C02.mpt,11.0,36.95072605877559,18.24542489935886,4.232950429919908e-09,0.8977102141918134,179.81852495668934,0.0001117795554077,0.4352431978779211,0.0012314083456709,0.8685309174281624,295.56648616388287,0.1286940393063203,8.46530461684582
BL-LL-CX02_EIS_STAIR_RT_10Cycle_01_PEIS_C02.mpt,12.0,60.06180672369698,11.402504243966533,4.002261527058904e-07,0.9999999965867756,163.00893775888431,9.655226163532162e-05,0.4802006094077098,0.0011951255767161,0.8682624317218893,292.3187629552809,0.1682922125273322,9.166443409471723
BL-LL-CX02_EIS_STAIR_RT_10Cycle_07_PEIS_C02.mpt,1.0,50.81454506995058,99.07234635851026,5.2007235856726977e-05,0.4794350048333387,98.18600820785946,0.0003353027785658,0.5017066282063322,0.0013987465954567,0.8294083462558859,149.2229714708997,0.010323063187562,42.0657672774241
BL-LL-CX02_EIS_STAIR_RT_10Cycle_07_PEIS_C02.mpt,2.0,54.98773936638722,11.710173118657336,4.132238112379207e-07,1.0,160.2693644311284,0.0001497100922254,0.4124848573904793,0.0009015695645634,0.6331247163383754,415.5071731239176,0.008536269926896,74.64344941346492
BL-LL-CX02_EIS_STAIR_RT_10Cycle_07_PEIS_C02.mpt,3.0,59.46634751587616,81.8296591970332,8.829775710905757e-06,0.6226862120226139,46.57615156869524,2.8694874836315952e-05,0.7964485664660773,0.0008086522711939,0.5555901401424966,621.6383656347109,0.0795169557886352,76.64614795958329
BL-LL-CX02_EIS_STAIR_RT_10Cycle_07_PEIS_C02.mpt,4.0,59.33624257804659,81.04786296412286,8.478347180844235e-06,0.6244347252251051,52.873865570430816,3.3383698434203005e-05,0.7656273939318492,0.0007536834150723,0.5747266863102362,663.4651862540702,0.0915549111622045,92.1102668566652
BL-LL-CX02_EIS_STAIR_RT_10Cycle_07_PEIS_C02.mpt,5.0,45.91180476829319,477.3344457887733,0.0016149578741799,0.6370781059245592,193.65270739624648,0.0001361048883456,0.3834164561912848,0.0009123558296626,0.7521578312014028,183.89251125175727,0.074934310503039,100.45392018772306
BL-LL-CX02_EIS_STAIR_RT_10Cycle_07_PEIS_C02.mpt,6.0,51.44421990277496,163.23004267011916,7.804377598245948e-05,0.4374408097111766,4589.748476637192,0.0063740798290048,0.5488867410220432,0.0007107141241954,0.6043614372604627,718.0667375147657,0.1097984724006912,2.998818955781263e-14
BL-LL-CX02_EIS_STAIR_RT_10Cycle_07_PEIS_C02.mpt,7.0,51.703992863087,163.8490698093193,7.70877648246657e-05,0.438268016542646,825.115741351524,0.0006743569047847,0.6001020029293762,0.0075570673846174,0.6296982067719676,3385.987663345524,0.0962852872105216,7.987612789592388e-09
BL-LL-CX02_EIS_STAIR_RT_10Cycle_07_PEIS_C02.mpt,8.0,49.2677741832355,175.59631635524116,9.838143165736124e-05,0.4137653803642835,633.276381589055,0.0007121865782493,0.6513341407254899,0.0115318479652523,0.5551531734730933,256.1472553920621,0.097515524575132,126.19095543640717
BL-LL-CX02_EIS_STAIR_RT_10Cycle_07_PEIS_C02.mpt,9.0,50.67759927078867,170.69744407449173,8.755275603842072e-05,0.4254764444518951,906.8729596427348,0.0006489067142,0.6130465589911618,0.0070378909632718,0.6692438983360801,3349.5915107516803,0.1019607376031131,1.7173233128423435e-28
BL-LL-CX02_EIS_STAIR_RT_10Cycle_07_PEIS_C02.mpt,10.0,49.58675319294331,175.61731881423543,9.597244614570147e-05,0.4157076571869046,4647.089468169803,0.0055667000821572,0.622941311501759,0.0006572890531961,0.6249488694142327,876.5561453318179,0.1026628608123406,8.830812421336157e-23
BL-LL-CX02_EIS_STAIR_RT_10Cycle_07_PEIS_C02.mpt,11.0,48.86332384692535,178.4483395545336,0.0001024329204661,0.4089635344663744,817.4188213142813,0.0006931059619309,0.638702318475539,0.0042708954287392,0.5515266276027225,11740.327254172777,0.059725179077811,1.937300815975298e-07
BL-LL-CX02_EIS_STAIR_RT_10Cycle_07_PEIS_C02.mpt,12.0,51.78194160308812,163.44254504963652,7.633502314011539e-05,0.4378294166997379,1173.16637068021,0.0006450588694683,0.594711200502565,0.0084339107655907,0.7872651744006844,3041.309255933177,0.0715666996973958,9.261648786107717e-22
BL-LL-CX03_EIS_STAIR_RT_01_PEIS_C03.mpt,1.0,4.1406744433276825e-18,1.0073868746170225e-12,886.2959207350264,0.0050000000000001,4.137440784222175e-16,0.0114149708285811,0.8928563111031251,0.0066189927285231,1.0,4963.427742535777,26.955372659040567,681.9905750987454
BL-LL-CX03_EIS_STAIR_RT_01_PEIS_C03.mpt,2.0,17.618263981650337,37.1431122816259,0.0013168237024903,0.6216042198111704,21.885981280329965,4.5404855959548445e-06,0.8342206805695186,0.0054688180260486,0.8973241877545673,37.1353919106039,0.0420588153767285,7.1015142529962745
BL-LL-CX03_EIS_STAIR_RT_01_PEIS_C03.mpt,3.0,5.799163766215854,20.39006889354311,0.0402035307235606,0.0004097370132828,30.031419513842447,9.204512383590296e-06,0.7619555863617391,0.0018618237617941,0.6108082225101255,45.01905745848637,0.0395847368101464,3.686255932793673
BL-LL-CX03_EIS_STAIR_RT_01_PEIS_C03.mpt,4.0,3.1869093986842687,24.837221343618644,0.0359840117256642,0.0002259950804748,40.21895619676145,1.3953998068550383e-05,0.7157556546629749,0.0012921257044396,0.6840411673011485,33.7862474249573,-0.0498807165500111,3.063711315750562
BL-LL-CX03_EIS_STAIR_RT_01_PEIS_C03.mpt,5.0,2.561487219567069,21.017595784774283,0.0201839596218552,6.302998320683861e-05,38.98915607571143,6.951201869882854e-06,0.7841532716872682,0.0010493114763633,0.670215399152697,33.13218433446505,0.027111426741798,2.928731498567349
BL-LL-CX03_EIS_STAIR_RT_01_PEIS_C03.mpt,6.0,17.59751383970738,38.21812365656358,0.4944050307292873,0.8181126964455786,31.150542360912542,5.140670593643146e-06,0.8152719813472605,0.0012076589945221,0.6157165659350688,35.30237086085959,0.0516937965639253,4.2508880605148135e-22
BL-LL-CX03_EIS_STAIR_RT_01_PEIS_C03.mpt,7.0,3.3241094092800028,22.631061147352664,0.0279332620187968,5.138254109783051e-05,36.18178317284541,8.25713467708695e-06,0.7703478420174158,0.0009891520497951,0.6789013960294329,30.807517800719594,0.0349008308500014,3.0002160762428773
BL-LL-CX03_EIS_STAIR_RT_01_PEIS_C03.mpt,8.0,2.445150369942552,16.71298223206186,0.0069386762520628,1.0092237891200463e-28,37.94117040825199,6.994825555773869e-06,0.7887702680253519,0.0009486695123712,0.6688724967124673,31.603476790126745,0.0521468778604417,3.149144329891073
BL-LL-CX03_EIS_STAIR_RT_01_PEIS_C03.mpt,9.0,2.4820514609014936,21.474670666697737,0.0210384663825485,1.834953986568578e-11,41.96853536852462,7.879670408359298e-06,0.7788113962250066,0.0010167947806983,0.6534468681379898,32.87694340720912,0.0534675161224393,3.320664249080339
BL-LL-CX03_EIS_STAIR_RT_01_PEIS_C03.mpt,10.0,3.141421563010419,21.15283012469885,0.0247098379744195,4.2401055844996883e-13,46.748000019988176,9.26713645533618e-06,0.7668195308250311,0.0012118545409369,0.6148174731787661,35.57543242016791,0.03638096161651,3.4132017134359125
BL-LL-CX03_EIS_STAIR_RT_01_PEIS_C03.mpt,11.0,2.065248535986457,17.630562004941336,0.0117828454866626,7.726837746501364e-18,54.35213512884826,1.2521076336301422e-05,0.7416153536909442,0.0015354778582608,0.5827037103416136,38.91915897939045,0.027324619310599,3.3920793793196067
BL-LL-CX03_EIS_STAIR_RT_01_PEIS_C03.mpt,12.0,3.057074652533262,25.40768534976852,0.034953721021753,2.192394851992313e-05,59.93439167783025,1.3598948999388524e-05,0.7413631956609887,0.001878491074121,0.5049728555168351,50.9249331513445,0.0070201083903232,3.090725919933399
BL-LL-CX03_EIS_STAIR_RT_07_PEIS_C03.mpt,1.0,3.014932503547044,25.37745516364436,0.0379918463121309,5.394018788327331e-05,66.06321066909751,1.919744491372065e-05,0.7009446772730462,0.0020768316132711,0.5542768334036179,45.42159152035815,-0.0432214176968362,2.92456827776911
BL-LL-CX03_EIS_STAIR_RT_07_PEIS_C03.mpt,2.0,3.716406553212767,33.02945663785921,0.0477421161573637,5.9008646248739406e-05,75.3827462225526,1.71142070152606e-05,0.7168775922411518,0.0022741786181805,0.4871545280475363,63.79987834830529,0.0040154754656658,2.5765679418524208
BL-LL-CX03_EIS_STAIR_RT_07_PEIS_C03.mpt,3.0,4.022103754939557,29.92820046720527,0.0495252044271512,7.1914159671373145e-06,96.03080818556268,2.6663579456106337e-05,0.6648432206770217,0.0023472137275684,0.6384588091030365,50.710003994139896,0.0262828756744206,3.1775446490909376
BL-LL-CX03_EIS_STAIR_RT_07_PEIS_C03.mpt,4.0,17.301736599267294,67.86481937775618,8.691573061242354e-05,0.6488668107619784,38.978811055833816,8.563199700672232e-06,0.8147311580246183,0.0023572516731785,0.7684499038000927,45.72322986345485,0.0745440546057626,5.0766301296408525
BL-LL-CX03_EIS_STAIR_RT_07_PEIS_C03.mpt,5.0,15.694190613119677,43.6193011040323,0.0008064631990023,0.9217435376303758,118.80941832982896,2.8129919566626063e-05,0.6488858475157351,0.0024752561045858,1.0,53.708039142947,0.1362832322017688,40.325362561295535
BL-LL-CX03_EIS_STAIR_RT_07_PEIS_C03.mpt,6.0,15.476473609339443,80.26321816824218,0.0009946437312853,0.8523385043912637,118.05320064681364,2.602408748482308e-05,0.6509934239674776,0.0061402155241386,1.0,43.03566965953336,0.1203696516558772,51.22033365559777
BL-LL-CX03_EIS_STAIR_RT_07_PEIS_C03.mpt,7.0,17.28183848056156,86.02285020981142,3.776341502144952e-05,0.6762218126763566,27.900278238408788,4.957440563253571e-06,0.8754665648301696,0.0014607483723314,0.7408622435118676,145.57152869153197,0.169960323222926,59.77617781086134
BL-LL-CX03_EIS_STAIR_RT_07_PEIS_C03.mpt,8.0,9.046479810911356,36.85023215414387,0.1230789505653188,0.0004880223635551,111.28409801994944,1.9290313962501976e-05,0.6746772298762119,0.0016529414340363,0.6965017328409618,164.01240964212022,0.1464158516084188,69.40670983815714
BL-LL-CX03_EIS_STAIR_RT_07_PEIS_C03.mpt,9.0,7.652523617723664,36.34624830475427,0.0927374235055202,3.694119743710666e-13,106.9014265503084,1.6284034220974123e-05,0.6900086191393218,0.0018874796826409,0.6615256888217725,181.33001301031504,0.0974845553385146,81.65169426151655
BL-LL-CX03_EIS_STAIR_RT_07_PEIS_C03.mpt,10.0,15.691319183731718,0.5213965095416824,0.0006033789609926,0.0003048821078148,103.20452858492452,1.3716328172607504e-05,0.7055651973530277,0.0022562823822136,0.6174787423828746,205.39128112111484,0.0884607433716503,97.65650870796703
BL-LL-CX03_EIS_STAIR_RT_07_PEIS_C03.mpt,11.0,15.754206669594542,203.37756561262577,0.003910760083916,0.5794640436193724,105.34653214608043,1.542263239273163e-05,0.6917079134265179,0.0038769925759251,1.0,24.67910677693538,-0.0071247208439312,119.07370985651691
BL-LL-CX03_EIS_STAIR_RT_07_PEIS_C03.mpt,12.0,15.802800716216828,250.3769911868476,0.0086286535921806,0.5151488335386645,104.46434019678084,1.4129692556493288e-05,0.6989863985209298,0.003627777303126,0.8134820390390071,66.81801833857689,-0.0293696391219261,145.39109952052758
BL-LL-CX03_EIS_STAIR_RT_10Cycle_01_PEIS_C03.mpt,1.0,15.52817673178216,301.4510872593624,6.014049676175957e-05,0.519263108609871,777.3847554425481,0.0003273935064214,0.848389005670781,0.0066019254021423,0.5169451527082031,2034.6567685785813,11.698860775743029,
BL-LL-CX03_EIS_STAIR_RT_10Cycle_01_PEIS_C03.mpt,2.0,55.04452235151147,284.9465234577599,7.43299664947033e-05,0.5008942098731554,189.6492925533078,0.0236721273571455,0.642747921322644,0.0005747742910152,0.8773443148883259,364.35731357095295,0.0262152870332813,4.843325885305976e-31
BL-LL-CX03_EIS_STAIR_RT_10Cycle_01_PEIS_C03.mpt,3.0,95.1759323473302,185.25837738077425,0.0017425176107019,0.8777010139592951,285.262681097339,0.0012085180002671,0.8923629468807485,0.0008626795082017,0.885461573393438,385.26125697363,55.64640347202109,350.9510525037219
BL-LL-CX03_EIS_STAIR_RT_10Cycle_01_PEIS_C03.mpt,4.0,105.59988930058825,195.67758759598297,0.0013047399642664,0.8769323959220425,295.6804948618061,0.0009180522073939,0.8880711777259188,0.0007183343604814,0.8830440895107866,395.67948037599024,55.226301084061866,331.9049895484345
BL-LL-CX03_EIS_STAIR_RT_10Cycle_01_PEIS_C03.mpt,5.0,2075.011079906465,6730.401797863934,7.439545959496416e-05,0.9984030751432412,5735.282198327662,8.713999283253749e-05,0.9999994759089188,8.23844957355276e-05,0.9999995008190964,6832.523323683283,-878.0518360342971,841.6417763714569
BL-LL-CX03_EIS_STAIR_RT_10Cycle_01_PEIS_C03.mpt,6.0,57.79980079397966,130.69109251263924,1.334915158399816e-05,0.6406794513724311,204.625456989716,3.663507975799813e-06,0.9396907102305064,0.001093517716267,0.4279540680141194,615.9432991743159,-0.3688034853789386,8.862569611673093e-33
BL-LL-CX03_EIS_STAIR_RT_10Cycle_01_PEIS_C03.mpt,7.0,586.6528240329047,6073.613204613137,0.0001983066704194,0.9990649063582556,6732.492218061124,0.0001782449024333,0.9986683041059756,7.222225562626767e-05,0.9940200360082272,6900.656408616701,-215.97717233948308,6205.476229811999
BL-LL-CX03_EIS_STAIR_RT_10Cycle_01_PEIS_C03.mpt,8.0,439.57579499880137,5867.754816049613,8.752562846862213e-05,0.9966345886151488,6395.274468777171,6.576818689160725e-05,0.9970242647719518,0.0001559988363817,0.9975764641330268,102.50392573937565,-129.90141344730597,2359.913472470572
BL-LL-CX03_EIS_STAIR_RT_10Cycle_01_PEIS_C03.mpt,9.0,192.39966538400267,12853.274444641453,6.378018913607039e-05,0.9999994755719038,9492.599303991596,9.919766978637262e-05,0.9999988227562876,1.3584552537466316e-05,0.8528888196244181,4154.610703935206,-27.67564380144768,0.0015644226755632
BL-LL-CX03_EIS_STAIR_RT_10Cycle_01_PEIS_C03.mpt,10.0,484.2883776017354,5908.61852011472,5.399428780420614e-05,0.9999999291151632,2088.532221848858,9.52632812219734e-05,0.9999998660702568,1.0969476422444752e-05,0.9999967357432128,3506.6810626637416,-198.6274508944284,18.38297586025317
BL-LL-CX03_EIS_STAIR_RT_10Cycle_01_PEIS_C03.mpt,11.0,62.69422060475857,1040.5420613160206,0.0002656769092547,0.9966542173051446,3966.426220764128,5.4806680547718416e-05,0.9999999900094038,2.2713105287835915e-05,0.999991424688077,822.4366607567704,7.007944589340403,8374.12160502807
BL-LL-CX03_EIS_STAIR_RT_10Cycle_01_PEIS_C03.mpt,12.0,1074.9113897097072,20349.00660526371,0.0003048935030835,0.9942989066023878,16984.19889118117,0.0002211991550313,0.9535770347475204,2.7136526894919072e-05,0.9302693150633222,16186.091529088506,-400.9781970661886,234.7152218337076
BL-LL-CX03_EIS_STAIR_RT_10Cycle_07_PEIS_C03.mpt,1.0,556.6131049023353,1377.824130330456,0.0010264358030954,0.9996527999267912,10039.971506832198,4.476771303972918e-05,0.977741600685616,0.0001247287581607,0.9994456739276716,11876.012171749351,-207.5808572880414,1998.7994644142
BL-LL-CX03_EIS_STAIR_RT_10Cycle_07_PEIS_C03.mpt,2.0,370.2751363580088,471.0688106402107,0.0002221826192096,0.9978374929672134,569.2900936776937,0.0001850938813641,0.9999829309636769,0.0001711841388794,0.9997756000385556,669.3704448119166,-99.40884908110029,859.4656554978008
BL-LL-CX03_EIS_STAIR_RT_10Cycle_07_PEIS_C03.mpt,3.0,1093.950430458449,19337.60069292652,7.074950753838374e-05,0.9999552386495276,18356.050444038538,0.0001109718157745,0.9999647672055688,2.6768184735224952e-05,0.6532460613817476,14917.88388310832,-517.6384472565129,57.202390703351455
BL-LL-CX03_EIS_STAIR_RT_10Cycle_07_PEIS_C03.mpt,4.0,564.6281434924107,568.0320670618398,0.0017488810691357,0.9944434484222576,681.5358733222685,0.0015277814241513,0.999697856949509,0.0011767487957075,0.9995059925979016,833.9537701703365,-199.18546032793867,2500.9483769249314
BL-LL-CX03_EIS_STAIR_RT_10Cycle_07_PEIS_C03.mpt,5.0,457.2325421366378,4362.899411861691,0.0001001088715534,0.9999989254161412,1910.4387376066,2.7249855358409728e-05,0.9999951065677378,6.13469040168142e-05,0.9999911093902878,8839.325706532718,-197.09898589071105,0.060131514235346
BL-LL-CX03_EIS_STAIR_RT_10Cycle_07_PEIS_C03.mpt,6.0,32.065360926894485,122.0394608095118,3.946479440930695e-05,0.5404041253492272,1326.2008968794316,1.2712887039944725e-05,0.7173462224568591,0.0002875746945325,1.0,489.9494972870239,0.8358224898256205,38.778937404125685
BL-LL-CX03_EIS_STAIR_RT_10Cycle_07_PEIS_C03.mpt,7.0,37.50494834513404,182.9834928735003,2.1704688288162644e-05,0.5986466038276511,1021.7445426372548,9.473123454769244e-06,0.7758626273718409,0.0001952601494614,1.0,599.7253685163265,0.133520118335172,12.794500320585191
BL-LL-CX03_EIS_STAIR_RT_10Cycle_07_PEIS_C03.mpt,8.0,40.79602278917241,349.79717174268063,1.6384587674948795e-05,0.6171668415804639,54.02476481937354,0.0043094783095794,0.9999747550854268,0.0003742988084739,0.7552063620634532,789.7114172479556,0.3600660337377864,64.89481380451252
BL-LL-CX03_EIS_STAIR_RT_10Cycle_07_PEIS_C03.mpt,9.0,110.33625690648482,1373.010802495584,0.006460333878117,0.956498536781822,489.0974573814194,8.644024630575377e-05,0.5362419795689466,0.0008295785649725,0.550904266168823,2213.6374449841105,38.34609573039359,
BL-LL-CX03_EIS_STAIR_RT_10Cycle_07_PEIS_C03.mpt,10.0,108.80974375793149,199.039497279733,0.0005821299862692,0.9274397796879368,299.0394078252419,0.0004637552857836,0.9777251728402808,0.0003602818674536,0.9609858138507598,399.0417210743588,39.80209117517191,330.3756821035277
BL-LL-CX03_EIS_STAIR_RT_10Cycle_07_PEIS_C03.mpt,11.0,268.7868101632804,4267.554739362438,8.750556874452416e-05,0.4050538916896669,5025.820830048576,0.0006717490606292,0.9362377553941617,0.0005026931408913,0.9698991114138232,7861.50869143935,-155.9544372464092,15.96693387021402
BL-LL-CX03_EIS_STAIR_RT_10Cycle_07_PEIS_C03.mpt,12.0,92.79151178469412,182.89438271646367,0.0006155945627372,0.8802257298163799,282.896733343159,0.0004417968226646,0.8914102052037556,0.0002836801016875,0.886752044403528,382.895924336829,52.10672152445205,345.78978556061827
BL-LL-CY03_EIS_STAIR_-21C_1Cycle_01_PEIS_C04.mpt,1.0,62.9727454854736,259.1546610410477,0.0001951981986849,0.9075740387325776,217.1746464043526,0.0002238434853822,0.8318619262031197,0.0003333916370943,0.7937237246203955,144.46253816279497,-18.835966409036534,744.0378230702912
BL-LL-CY03_EIS_STAIR_-21C_1Cycle_01_PEIS_C04.mpt,2.0,19.78986696052145,147.58958716824486,0.0013129933335892,0.4714599027076654,753.9846600302437,0.0001180726797827,0.87284501508364,0.0025483168201031,0.6956243201703396,813.2256578218012,-0.366746545134902,1.1772415872025044e-42
BL-LL-CY03_EIS_STAIR_-21C_1Cycle_01_PEIS_C04.mpt,3.0,21.38624325989755,471.4402468582929,0.0017361000570392,0.5711495288163937,258.1744509857547,0.0012292345219431,0.5585996304369671,0.0001566447410944,0.9356298079101192,449.5597666396106,-0.8907966752750655,0.1854426952596391
BL-LL-CY03_EIS_STAIR_-21C_1Cycle_01_PEIS_C04.mpt,4.0,17.93855054418482,207.3432822360077,0.0031672673362731,0.7236922821460706,146.60127721889666,0.0061310571901228,0.2994628161746664,0.000160368170387,0.8631635375419429,604.6327956108252,-1.1636779444598928,0.0694046137856581
BL-LL-CY03_EIS_STAIR_-21C_1Cycle_01_PEIS_C04.mpt,5.0,4.772081358807587e-13,214.08922103431752,0.0025103745013889,0.6229821021530797,146.4472297018377,0.013944839545727,0.0894710744638501,0.0001863450451388,0.8603363255490771,549.661903127534,-0.1316140988166633,3.10074081380349e-41
BL-LL-CY03_EIS_STAIR_-21C_1Cycle_01_PEIS_C04.mpt,6.0,20.75753085676568,221.31506534876613,0.0003028238977348,0.99999940402819,2.0931942234344496,0.000115447577951,0.782259963612314,0.0004921025277655,0.6668219377120238,486.89791360723854,-172.92521706288204,
BL-LL-CY03_EIS_STAIR_-21C_1Cycle_01_PEIS_C04.mpt,7.0,15.244115802863188,304.8558464605881,0.0005436855469726,0.8487626186221018,185.5783991392663,0.007443083311163,0.2704059876957557,0.0002988633232026,0.9181436308749592,236.4054888444672,-0.0479655282109835,9.38382890257655e-40
BL-LL-CY03_EIS_STAIR_-21C_1Cycle_01_PEIS_C04.mpt,8.0,15.50807276014919,202.79719835860016,0.0008541007451084,0.9224813511767864,188.72044898215665,0.0065713229757898,0.2903002902658019,0.0002549172709112,0.9145277904406648,282.95237835866965,-0.1089959749541183,7.501370052362372e-43
BL-LL-CY03_EIS_STAIR_-21C_1Cycle_01_PEIS_C04.mpt,9.0,22.7606632471682,145.46877706557618,0.0008693924578791,0.8599242724582753,79.95602435878891,0.001899622985443,0.7674931623271863,0.0004828554482756,0.7830636578510585,320.51222147198666,-3.1597694589052248,5.70205836641407
BL-LL-CY03_EIS_STAIR_-21C_1Cycle_01_PEIS_C04.mpt,10.0,10.027953970725372,86.97508968430992,0.0041534637674662,0.914074475657292,4691946.93487728,0.0168017135142847,0.1550679520239573,0.0002678158664918,0.880026239688109,389.5146084475137,-0.0512380181148229,6.533732205886974e-24
BL-LL-CY03_EIS_STAIR_-21C_1Cycle_01_PEIS_C04.mpt,11.0,12.210445230944316,125.77736566941653,0.0028220604597075,0.884519109706135,336.7005675816257,0.0132808911580864,0.198243813346723,0.0002796119821536,0.8920324091652126,353.0801657906879,-0.0810882940053061,3.930034594837879e-30
BL-LL-CY03_EIS_STAIR_-21C_1Cycle_01_PEIS_C04.mpt,12.0,11.410436892043924,929.4108544051068,0.0154658506712405,0.1793247891487092,77.85149225181333,0.005924793358028,1.0,0.0002736069389582,0.8802785431191615,420.04592349946313,-0.0861311464472675,4.602323278315e-36
BL-LL-CY03_EIS_STAIR_-21C_1Cycle_07_PEIS_C04.mpt,1.0,14.430219193819326,357.72414219786475,0.0081640920225365,0.2700141507709007,96.913602607535,0.0035120359544803,0.9990514593256729,0.000266510786286,0.9050123787273852,411.7009332099888,-0.2038182681980337,1.819047381640219e-42
BL-LL-CY03_EIS_STAIR_-21C_1Cycle_07_PEIS_C04.mpt,2.0,13.773964332558362,149.8912225570109,0.0022332469743223,0.880564679939719,520.583904841993,0.0083421530471341,0.2460032768483217,0.0002750395045763,0.9010709799490438,407.1874273694256,-0.1241952546577314,1.626551816356186e-34
BL-LL-CY03_EIS_STAIR_-21C_1Cycle_07_PEIS_C04.mpt,3.0,24.77111492703086,161.24985067415398,0.0018024269298202,0.7798735448424351,215.9744244073724,0.0009118111671992,0.7746004157596255,0.0005135545215866,0.7969540610602118,338.5982638220655,-5.460593456957336,12.554685859370077
BL-LL-CY03_EIS_STAIR_-21C_1Cycle_07_PEIS_C04.mpt,4.0,24.61376217688859,217.91595787608944,0.0025224256521534,0.8542510914640619,242.40172163842504,0.0005737945044008,0.8169897042302794,0.0004400145546615,0.8451092338680739,321.8772978117955,-5.322428008966947,16.10112952337325
BL-LL-CY03_EIS_STAIR_-21C_1Cycle_07_PEIS_C04.mpt,5.0,11.942450126653355,317.81583285955395,0.003479638039077,0.8387964131899925,49169921.39894255,0.0116924721113643,0.2047297938710659,0.0002304860513911,0.8900837444858515,560.3430552881431,-0.3171601378918823,2.6158659904281622e-24
BL-LL-CY03_EIS_STAIR_-21C_1Cycle_07_PEIS_C04.mpt,6.0,22.559407360567217,460.85504989281264,0.0053921170535583,0.9263780239122436,295.0436085944303,0.0005664759417099,0.823081634692581,0.0004057334782405,0.787789072575438,449.1461047172126,-5.335647687243279,21.061858675496985
BL-LL-CY03_EIS_STAIR_-21C_1Cycle_07_PEIS_C04.mpt,7.0,22.983286092275524,468.0593989083688,0.0004023811144885,0.7871828010283897,321.54647589701096,0.0007088916484402,0.7289051889249091,0.0082521036846943,0.982381772695721,502.8977155612223,-9.556478658325933,68.79331912366946
BL-LL-CY03_EIS_STAIR_-21C_1Cycle_07_PEIS_C04.mpt,8.0,23.295812403699056,721.7344390260444,0.0164282965835889,1.0,830.0999155656091,0.0002040992431789,0.8242801514864837,0.0068237462994123,0.9737021150514,425.3133533456387,-5.252897395114991,1.0848892766820286e-22
BL-LL-CY03_EIS_STAIR_-21C_1Cycle_07_PEIS_C04.mpt,9.0,28.147402519371763,116.0224093805666,0.0012212345081573,0.8247962605792776,321.47969170388734,0.001587686819311,0.7388954367467951,0.0004191978863795,0.7898822382340145,392.3951357779723,-22.404989048007508,186.930234655354
BL-LL-CY03_EIS_STAIR_-21C_1Cycle_07_PEIS_C04.mpt,10.0,33.59810658898324,98.00437235531132,0.0007751269044384,0.9996132189401752,297.0433544735185,0.0011078608553603,0.7847666330489856,0.0004534043948391,0.8142521532221069,364.46312131294985,-32.49515016009096,213.7327944499258
BL-LL-CY03_EIS_STAIR_-21C_1Cycle_07_PEIS_C04.mpt,11.0,7.479216491070085,0.0381805055382324,1.887637583400792e-05,0.0713688479211637,2.790331067220362,3.7115152368179854e-06,0.1008011382723501,0.0003642539629765,0.6655435407480882,932.1795897019788,8.754615538190066,198.67963411223323
BL-LL-CY03_EIS_STAIR_-21C_1Cycle_07_PEIS_C04.mpt,12.0,0.0009315666384009,1534.2889659888842,0.0155093310755212,0.0996707202998102,771.9175879787297,0.0001895463638779,0.8733798475062132,0.0039353484883132,0.7921289346361793,1996.2418281299515,-172.08617175715557,
BL-LL-DF01_EIS_STAIR_RT_01_PEIS_C01.mpt,1.0,14.103612022339195,16.07810144889197,5.419697129078279e-05,0.7327206751931397,219.77198260388928,0.0051807515154322,0.8032118694922183,0.0210999003796643,0.7457779773876406,230.77278517108616,-0.0029159227836189,4.684916071028644
BL-LL-DF01_EIS_STAIR_RT_01_PEIS_C01.mpt,2.0,7.1363462551909205,12.547180732353706,0.000122902541532,0.6539498917969709,55.11392935356895,0.0050864074444751,0.8516924072622101,0.0882986994881279,0.6327491856424822,45.19091331927522,-0.0888076207944466,0.1420856244157202
BL-LL-DF01_EIS_STAIR_RT_01_PEIS_C01.mpt,3.0,7.204159441529699,11.2126692853107,0.0001646673027389,0.6276179563484552,25.85845920271981,0.0047026563007512,0.8816769442760386,0.3566284637224756,0.7662427123631939,10.239817282359963,-0.0631518428932679,0.9378439918137128
BL-LL-DF01_EIS_STAIR_RT_01_PEIS_C01.mpt,4.0,7.328846857515793,10.147396100895053,0.0001797114013597,0.6220548505562258,14.251104180146946,0.0045581292179659,0.8977179653107745,0.5686860191700102,0.7981927725172959,7.171571371534648,-0.0549098824640866,0.6555640552429682
BL-LL-DF01_EIS_STAIR_RT_01_PEIS_C01.mpt,5.0,7.138632239196725,9.247542971519328,0.0001853469777535,0.6226500743188982,9.665224885807392,0.0045365145085238,0.9048510961663944,0.7796710936895378,0.8456172184517765,5.195349411523284,-0.05573815686424,0.6376301337392
BL-LL-DF01_EIS_STAIR_RT_01_PEIS_C01.mpt,6.0,6.823202991480302,8.34537345370822,0.0001836343021779,0.6283061855045621,7.54140942881917,0.0046543380036298,0.8997436205195165,1.0031339128276602,0.8763738964272095,4.274005185974151,-0.0575164197354742,0.6295793587573675
BL-LL-DF01_EIS_STAIR_RT_01_PEIS_C01.mpt,7.0,6.502007325133905,7.563209169373913,0.0001832075055146,0.6342025262813225,6.44869830002915,0.0047806708239702,0.8974551234401298,1.2842025768133525,0.9077093496832108,3.548760653758249,-0.0588388621961864,0.6940707544240717
BL-LL-DF01_EIS_STAIR_RT_01_PEIS_C01.mpt,8.0,6.4488945421324,6.8307072866482565,0.0001808607569791,0.6422021697093784,6.292507255194702,0.0049807926459055,0.8940855589720429,2.0062302225056,0.9821912876125622,2.475734142257331,-0.0577095786044527,0.883209992108415
BL-LL-DF01_EIS_STAIR_RT_01_PEIS_C01.mpt,9.0,6.2981912299998895,6.17701566506604,0.0001758374359306,0.6504649459032643,7.166086916881546,0.0050103356856731,0.901198520920167,2.8081600951226062,0.9999999998515898,2.026324744332588,-0.0575634044431073,1.0316249393317558
BL-LL-DF01_EIS_STAIR_RT_01_PEIS_C01.mpt,10.0,6.206717150070147,5.654475407792874,0.0001624292364939,0.6618587675987371,8.971083151922151,0.0048495293363957,0.9107762734526508,3.869630791289035,0.9999999998986376,1.6987920441352642,-0.0552850677812209,1.1457010900782294
BL-LL-DF01_EIS_STAIR_RT_01_PEIS_C01.mpt,11.0,6.155039359378859,5.352974616173269,0.00016186458656,0.6657811749143167,11.637336075411415,0.0044053870638897,0.9303408869761284,5.559666646421392,0.9999999999999762,1.3786510736125934,-0.0602440985017459,1.2917544780775585
BL-LL-DF01_EIS_STAIR_RT_01_PEIS_C01.mpt,12.0,6.130897088769514,5.188312572191358,0.0001659048461089,0.6661366132449166,15.001830174123771,0.0040006622326714,0.946359731449626,10.121914073963328,0.9999999999503656,0.9629633798412448,-0.0519475707334891,1.4313272681185258
BL-LL-DF01_EIS_STAIR_RT_07_PEIS_C01.mpt,1.0,5.835925674082984,5.711501624189816,0.0002507190078694,0.6142899261328193,13.164088000906068,0.0039528901330792,0.9500530658946484,5.74347656961086,1.0,1.0216029669947828,-0.0863577077466564,1.4441949559338592
BL-LL-DF01_EIS_STAIR_RT_07_PEIS_C01.mpt,2.0,6.095389153073325,5.415030987620231,0.0001755607034244,0.6591564335974658,11.805469537350485,0.0041861985113215,0.9362374658115714,4.383818812563334,1.0,1.2302677005877345,-0.0404609738521914,1.3806407185733098
BL-LL-DF01_EIS_STAIR_RT_07_PEIS_C01.mpt,3.0,6.086841133620736,5.505325297731818,0.0001742350470802,0.6580106784408598,10.552951386278924,0.0044207510377264,0.9279473382069334,3.321761055593208,1.0,1.5647451871509983,-0.0260065816574406,1.2932226061768697
BL-LL-DF01_EIS_STAIR_RT_07_PEIS_C01.mpt,4.0,6.086532094549048,5.7008819730036375,0.0001683674008613,0.6570034867971666,10.008027229101438,0.0045724219772633,0.9194581146174776,2.225268353716434,0.9999999999999948,2.180984021151341,-0.0209822028102164,1.1682170403417902
BL-LL-DF01_EIS_STAIR_RT_07_PEIS_C01.mpt,5.0,6.076175670682748,5.968284711888757,0.0001653859144959,0.6534572832869774,10.181007636106257,0.0045797696024456,0.9174902956875892,1.715630359463212,1.0,2.624515746711494,-0.0171387571920073,1.1528853531330738
BL-LL-DF01_EIS_STAIR_RT_07_PEIS_C01.mpt,6.0,6.065390637668632,6.208555433396029,0.0001536077867761,0.6546594563927454,11.322437905310895,0.0046252052247189,0.9122921364269346,1.3154489270332992,1.0,3.3762003763359583,-0.0082336719221778,1.2137934503980463
BL-LL-DF01_EIS_STAIR_RT_07_PEIS_C01.mpt,7.0,6.337653050126087,6.419617074740381,0.000137989056505,0.659479453160215,13.725353513330315,0.004757844886363,0.9031531258152228,0.9902846704527204,0.985324994935968,4.601178723674448,0.0153527302908299,1.4389638656834365
BL-LL-DF01_EIS_STAIR_RT_07_PEIS_C01.mpt,8.0,8.215745897609251,6.563519312873392,0.0001205044916039,0.6698803345931172,19.4025544793079,0.005017837731264,0.8888887372814829,0.5106024986952734,0.8955483870022526,9.574236364112918,0.0577301900436678,1.836049868627368
BL-LL-DF01_EIS_STAIR_RT_07_PEIS_C01.mpt,9.0,9.607900730421877,6.794678843133285,9.833145622341204e-05,0.6855042665640263,34.30249142677856,0.0055404756115043,0.8658726396523142,0.1471484987094441,0.7655831686106368,30.566749453113648,0.1363045740452784,2.4051799211120564
BL-LL-DF01_EIS_STAIR_RT_07_PEIS_C01.mpt,10.0,10.714945285573966,8.53858573279788,7.099907458255522e-05,0.7105149503879968,73.5195943590328,0.0069416236346955,0.8387546961936007,0.0216878475159271,0.7179332304927981,133.9916161312112,0.1136313587947321,2.1263603127349207
BL-LL-DF01_EIS_STAIR_RT_07_PEIS_C01.mpt,11.0,10.391605042687642,460.3760724494799,0.0057402251430334,0.6992951073589713,13.845889891399574,5.611120463450521e-05,0.7232533289448232,0.0576575892362433,1.0,332.9389536135835,-681.9028221739284,
BL-LL-DF01_EIS_STAIR_RT_07_PEIS_C01.mpt,12.0,10.489499356394637,0.0166637852766145,5.892028665104317e-07,0.0024132679134856,18.325178156433928,7.955879800084975,2.668188225145925e-18,169.46628187254865,0.0002205477032936,2.713163654824844e-05,5.380438166783691,148.105109237954
BL-LL-DF04_EIS_STAIR_-21C_01_PEIS_C04.mpt,1.0,98.13475642086604,0.1783690346675061,0.0471096964364994,2.512847561665604e-10,18.825070140155884,5.408874155916666e-40,0.208781355137383,3.1436390625740283e-32,0.1829934674629358,1.3970798660519692,23.96470850051711,591.2611944436734
BL-LL-DF04_EIS_STAIR_-21C_01_PEIS_C04.mpt,2.0,930.2341665174966,12.788192203271452,3.816768485826331e-06,0.3220494523521577,7.50362926846285,4.942701609102696e-06,0.4246311464705514,2.408813798075862e-07,0.6122314422486891,66.51779932306914,4.224228208024523,593.4166579110987
BL-LL-DF04_EIS_STAIR_-21C_01_PEIS_C04.mpt,3.0,844.6776430367303,813.8124900387879,4.543257735471326e-09,0.6972537459364734,10.119358003812572,0.0182748932350363,0.6363479709584254,0.0001744823005174,0.5262133750484838,317.20895001010746,1.3911389233436262,218.92454145476344
BL-LL-DF04_EIS_STAIR_-21C_01_PEIS_C04.mpt,4.0,501.5238772583172,1405.7838393110717,7.011481881988879e-06,0.2280724306457341,540.0986591322703,5.109426208372735e-06,0.2530401743036508,4.8742767921452185e-06,0.290977507550537,188.08125692545624,-0.4224564320648268,265.0802040948917
BL-LL-DF04_EIS_STAIR_-21C_01_PEIS_C04.mpt,5.0,70.96879696116392,580.3806921951334,2.044344442749817e-06,0.1788885116717447,1502.3754973194343,2.618829235167602e-06,0.2365173893133818,2.6597243418168945e-06,0.2458468273199295,1891.3054241057623,0.833880181227937,391.8539728230423
BL-LL-DF04_EIS_STAIR_-21C_01_PEIS_C04.mpt,6.0,20.81626517987864,523.7484363783118,2.117089481136327e-06,0.1795132565210442,1551.0553505532662,2.509574474543368e-06,0.2349937488412627,2.4579915900816974e-06,0.242769545148346,1812.9212762094207,-0.3570495242058369,341.66664590295164
BL-LL-DF04_EIS_STAIR_-21C_01_PEIS_C04.mpt,7.0,3.257186333372349,2241.548875394192,3.6001293042754247e-06,0.2246012759588951,614.6827200159789,3.734547918664705e-06,0.2507305538818142,3.955166415839376e-06,0.3165542105809689,38.33877863092439,-0.6538695438069765,254.17493675602643
BL-LL-DF04_EIS_STAIR_-21C_01_PEIS_C04.mpt,8.0,29.65113021442468,467.7518204453062,1.351895488685245e-05,0.256886284383296,1511.9418533577812,3.3504341204758384e-06,0.2696371853863165,2.379456688298133e-06,0.264122260716655,1746.6537597052345,-0.6731012206822639,337.1284818389926
BL-LL-DF04_EIS_STAIR_-21C_01_PEIS_C04.mpt,9.0,35.855344002944534,1345.8788013297835,2.515553713922488e-06,0.229518664336865,1353.496280325162,2.4470124952095747e-06,0.2874088660892024,3.1595133578045323e-06,0.29805654774501,465.0045371816321,-0.1317788265869555,289.1390903004449
BL-LL-DF04_EIS_STAIR_-21C_01_PEIS_C04.mpt,10.0,730.2248617361591,1050.9563462261738,2.3485924392886333e-06,0.0988911769318795,1605.083032106867,6.750356178052928e-06,0.1325278470688324,9.514939814475594e-06,0.1388047269637783,1875.63863049694,2.181866057974536,362.9646915177897
BL-LL-DF04_EIS_STAIR_-21C_01_PEIS_C04.mpt,11.0,697.4676532572424,1034.0856368836105,2.343197608619564e-06,0.1022948556765402,1607.252765966216,6.871289319748156e-06,0.1371025736349732,9.678770569625413e-06,0.1433723237908234,1880.8008639410527,2.3084892795248586,391.8940568904747
BL-LL-DF04_EIS_STAIR_-21C_01_PEIS_C04.mpt,12.0,96.96069783949702,1531.5244901051396,8.011205661427551e-07,0.0294690390567094,2906.983705717307,3.082501123233986e-06,0.0393791998999015,3.9173686902168215e-06,0.0408735244364783,3239.274705085393,1.345418716883651,417.30231906893886
BL-LL-DG03_EIS_STAIR_RT_01_PEIS_C02.mpt,1.0,12.075278999687708,18.44539951438727,4.489583011964726e-05,0.7671437100475716,127.6696371032782,0.1067589059137515,0.998655837677764,0.005066238037811,0.7262208072284095,311.2653484821698,-0.9206141018018824,2.0445907990380003e-76
BL-LL-DG03_EIS_STAIR_RT_01_PEIS_C02.mpt,2.0,9.232022406857086,60.94850332251298,0.00458272611353,0.837174739193614,17.42187405018567,8.975864272223306e-05,0.7014186809734568,0.1053410565731376,0.6934491757542227,40.33034548182243,-0.0854517285117372,2.262715682614816e-20
BL-LL-DG03_EIS_STAIR_RT_01_PEIS_C02.mpt,3.0,9.51951403119098,27.86839691649915,0.0042108149556277,0.8867684014323625,15.16067901362456,0.0001294959238204,0.6697074536822696,0.1632656478407213,0.6357748998649142,24.15894778658207,-0.0258821624827474,0.0995549606433704
BL-LL-DG03_EIS_STAIR_RT_01_PEIS_C02.mpt,4.0,9.66794223022233,16.276357587387093,0.0040869838780172,0.9023107962250648,13.431131644994396,0.0001609686639556,0.6524005733122069,0.2396314585997211,0.6738389691513722,18.43386593252652,-0.0177668074769404,0.0853039698604111
BL-LL-DG03_EIS_STAIR_RT_01_PEIS_C02.mpt,5.0,8.980864635339733,11.570971091385427,0.0041038283752024,0.907528284255436,12.128073539854682,0.0001877885561126,0.6399559667972057,0.3267236433352563,0.7249416255492495,13.9760668711139,-0.0177028004465384,0.2847130768448884
BL-LL-DG03_EIS_STAIR_RT_01_PEIS_C02.mpt,6.0,8.369922137195735,9.280270734886974,0.004236295901415,0.9057466653353046,11.005963874706636,0.0002096285580511,0.6323671515431861,0.4243001104421671,0.7642233711055215,11.470488888442452,-0.019108247890199,0.4229882949487594
BL-LL-DG03_EIS_STAIR_RT_01_PEIS_C02.mpt,7.0,2.765713443324185,11.145818144819645,0.3177502781065498,2.050687135658228e-34,29.95842750798312,0.0107671652958058,0.2259818249898181,1.5429752389999989,1.0,8.108825726991503,-0.2052843561832338,0.0429548197533466
BL-LL-DG03_EIS_STAIR_RT_01_PEIS_C02.mpt,8.0,8.176047011875232,8.904851397301954,0.0002221159852672,0.6366017292285506,8.693367187302174,0.0045737743103373,0.8942451593746835,0.7626946515349821,0.8521273878051009,7.567842596653334,-0.0233772017679321,0.8957776131421845
BL-LL-DG03_EIS_STAIR_RT_01_PEIS_C02.mpt,9.0,7.774922055062725,7.957060742381607,0.0002228055679861,0.640134166255776,10.675975909676124,0.0045381759709921,0.8966210805863206,1.0365287175000482,0.8937581984790322,6.310468967634506,-0.0297104431847202,1.1156719814548637
BL-LL-DG03_EIS_STAIR_RT_01_PEIS_C02.mpt,10.0,6.999096180323392,7.355718104722657,0.0002291938060383,0.6386699623635479,13.747267395041272,0.0042477814872791,0.909277170605122,1.2911424840427908,0.9143856970141052,5.7285939895811016,-0.0399351247957324,1.2571485433663745
BL-LL-DG03_EIS_STAIR_RT_01_PEIS_C02.mpt,11.0,6.9369819237098325,6.987825550475097,0.0002389575236163,0.6374979660372576,18.436896748520507,0.0038220890290998,0.9284230708998148,1.9701314899336813,0.9778345496166436,4.097734752932054,-0.0412666736979604,1.5683728886557022
BL-LL-DG03_EIS_STAIR_RT_01_PEIS_C02.mpt,12.0,3.851501324049124,6.9494726158597375,0.0002403363345233,0.6377342671113071,20.39294187691108,0.0036408834023532,0.938702426306386,0.223840739694227,2.606089587240059e-15,10.391914994449756,-0.0639640739074984,2.270729230071708
BL-LL-DG03_EIS_STAIR_RT_07_PEIS_C02.mpt,1.0,6.65643190383327,7.74600346676971,0.0003336532100677,0.5945494321446922,17.641098920620333,0.0036627297186889,0.9364100196555132,1.8083319564130285,0.9916805915720908,3.7231122147666817,-0.0521100784786737,1.6942115028615434
BL-LL-DG03_EIS_STAIR_RT_07_PEIS_C02.mpt,2.0,7.065192258000878,7.417937090841528,0.0002535523043603,0.6330374194954941,15.674347127535816,0.003898840919533,0.9226560629196136,1.4937635094392152,0.9820156607624644,4.213021527338931,-0.0198207609468916,1.598903895352679
BL-LL-DG03_EIS_STAIR_RT_07_PEIS_C02.mpt,3.0,7.089640419808738,7.499373979305104,0.0002511502653607,0.6328939901814274,13.9327215745118,0.0041271832970587,0.9134810779046344,1.060056356886616,0.9391331444507538,5.584586257762948,-0.0083422672955029,1.3948110473995314
BL-LL-DG03_EIS_STAIR_RT_07_PEIS_C02.mpt,4.0,6.846477920825068,7.736901124197376,0.0002539662681819,0.6287173922050764,13.330592173584972,0.0042149216117351,0.9099785266057144,0.7559907274417187,0.8935216141559462,6.972221799725982,0.0014585209473036,1.2000513165084823
BL-LL-DG03_EIS_STAIR_RT_07_PEIS_C02.mpt,5.0,7.308291548034598,8.023500941074829,0.0002499280285078,0.6278130883702934,14.19510649139083,0.0042304490522214,0.9069140165805734,0.6726840400527164,0.9137067106709512,7.280716301411126,0.0266207430828451,1.2547940250494412
BL-LL-DG03_EIS_STAIR_RT_07_PEIS_C02.mpt,6.0,7.679692162422024,8.176048483221686,0.0002401253286639,0.628958757271616,16.35497952840099,0.0042207955912105,0.9047744150975114,0.4855811082405623,0.8782983827143614,9.497934717988697,0.0402860968394526,1.2580775882236976
BL-LL-DG03_EIS_STAIR_RT_07_PEIS_C02.mpt,7.0,8.807514419782299,8.257653689661831,0.0002194177784585,0.6366802042593817,21.27152491137152,0.0043075369610894,0.8954288811580915,0.3220616277772902,0.8399271388615043,13.87288614368109,0.0611992161839465,1.331740006228458
BL-LL-DG03_EIS_STAIR_RT_07_PEIS_C02.mpt,8.0,9.034703035083488,8.50042712159878,0.0001976292275977,0.6427274764011435,34.07051030846322,0.0045335860147183,0.8785265750217518,0.1558812573445913,0.7678321638598696,27.22502318488885,0.0966708928276167,1.3021269526957295
BL-LL-DG03_EIS_STAIR_RT_07_PEIS_C02.mpt,9.0,7.772070735988486,65.05627238178478,0.0053132914815151,0.8554520997839378,8.759638994685975,0.0001445456248155,0.6657731146914975,0.0392203106547922,0.6777319723516356,78.5028001195318,0.0789354044962982,0.7777409498224198
BL-LL-DG03_EIS_STAIR_RT_07_PEIS_C02.mpt,11.0,7.502082785827027,8.692795690777519,3.271629449329809e-05,0.8039515901794113,1760.1925114996234,0.005601785174879741,0.6924998512323007,32.056316908378626,1.778674734854181e-17,621.9796644018753,-1.8235084595118578,3.285493015434503e-08
